cell_id,lat,lon,in_footprint,w_simple,w_pop
45.75_-84.50,45.75,-84.5,1,0.0007462686567164179,
42.50_-90.50,42.5,-90.5,1,0.0007462686567164179,
42.50_-90.25,42.5,-90.25,1,0.0007462686567164179,
42.50_-90.00,42.5,-90.0,1,0.0007462686567164179,
42.50_-89.75,42.5,-89.75,1,0.0007462686567164179,
42.50_-89.50,42.5,-89.5,1,0.0007462686567164179,
42.25_-90.25,42.25,-90.25,1,0.0007462686567164179,
42.25_-90.00,42.25,-90.0,1,0.0007462686567164179,
42.25_-89.75,42.25,-89.75,1,0.0007462686567164179,
42.25_-89.50,42.25,-89.5,1,0.0007462686567164179,
42.25_-89.25,42.25,-89.25,1,0.0007462686567164179,
42.25_-89.00,42.25,-89.0,1,0.0007462686567164179,
42.25_-88.75,42.25,-88.75,1,0.0007462686567164179,
42.25_-88.50,42.25,-88.5,1,0.0007462686567164179,
42.25_-88.25,42.25,-88.25,1,0.0007462686567164179,
42.25_-88.00,42.25,-88.0,1,0.0007462686567164179,
42.00_-90.00,42.0,-90.0,1,0.0007462686567164179,
42.00_-89.75,42.0,-89.75,1,0.0007462686567164179,
42.00_-89.50,42.0,-89.5,1,0.0007462686567164179,
42.00_-89.25,42.0,-89.25,1,0.0007462686567164179,
42.00_-89.00,42.0,-89.0,1,0.0007462686567164179,
42.00_-88.75,42.0,-88.75,1,0.0007462686567164179,
42.00_-88.50,42.0,-88.5,1,0.0007462686567164179,
42.00_-88.25,42.0,-88.25,1,0.0007462686567164179,
42.00_-88.00,42.0,-88.0,1,0.0007462686567164179,
42.00_-87.75,42.0,-87.75,1,0.0007462686567164179,
42.00_-80.25,42.0,-80.25,1,0.0007462686567164179,
42.00_-80.00,42.0,-80.0,1,0.0007462686567164179,
42.00_-77.25,42.0,-77.25,1,0.0007462686567164179,
42.00_-77.00,42.0,-77.0,1,0.0007462686567164179,
42.00_-76.75,42.0,-76.75,1,0.0007462686567164179,
41.75_-90.25,41.75,-90.25,1,0.0007462686567164179,
41.75_-90.00,41.75,-90.0,1,0.0007462686567164179,
41.75_-89.75,41.75,-89.75,1,0.0007462686567164179,
41.75_-89.50,41.75,-89.5,1,0.0007462686567164179,
41.75_-89.25,41.75,-89.25,1,0.0007462686567164179,
41.75_-89.00,41.75,-89.0,1,0.0007462686567164179,
41.75_-88.75,41.75,-88.75,1,0.0007462686567164179,
41.75_-88.50,41.75,-88.5,1,0.0007462686567164179,
41.75_-88.25,41.75,-88.25,1,0.0007462686567164179,
41.75_-88.00,41.75,-88.0,1,0.0007462686567164179,
41.75_-87.75,41.75,-87.75,1,0.0007462686567164179,
41.75_-86.75,41.75,-86.75,1,0.0007462686567164179,
41.75_-86.50,41.75,-86.5,1,0.0007462686567164179,
41.75_-86.25,41.75,-86.25,1,0.0007462686567164179,
41.75_-86.00,41.75,-86.0,1,0.0007462686567164179,
41.75_-85.75,41.75,-85.75,1,0.0007462686567164179,
41.75_-85.50,41.75,-85.5,1,0.0007462686567164179,
41.75_-85.25,41.75,-85.25,1,0.0007462686567164179,
41.75_-85.00,41.75,-85.0,1,0.0007462686567164179,
41.75_-80.50,41.75,-80.5,1,0.0007462686567164179,
41.75_-80.25,41.75,-80.25,1,0.0007462686567164179,
41.75_-80.00,41.75,-80.0,1,0.0007462686567164179,
41.75_-79.75,41.75,-79.75,1,0.0007462686567164179,
41.75_-79.50,41.75,-79.5,1,0.0007462686567164179,
41.75_-79.25,41.75,-79.25,1,0.0007462686567164179,
41.75_-79.00,41.75,-79.0,1,0.0007462686567164179,
41.75_-78.75,41.75,-78.75,1,0.0007462686567164179,
41.75_-78.50,41.75,-78.5,1,0.0007462686567164179,
41.75_-78.25,41.75,-78.25,1,0.0007462686567164179,
41.75_-78.00,41.75,-78.0,1,0.0007462686567164179,
41.75_-77.75,41.75,-77.75,1,0.0007462686567164179,
41.75_-77.50,41.75,-77.5,1,0.0007462686567164179,
41.75_-77.25,41.75,-77.25,1,0.0007462686567164179,
41.75_-77.00,41.75,-77.0,1,0.0007462686567164179,
41.75_-76.75,41.75,-76.75,1,0.0007462686567164179,
41.75_-76.50,41.75,-76.5,1,0.0007462686567164179,
41.75_-76.25,41.75,-76.25,1,0.0007462686567164179,
41.75_-76.00,41.75,-76.0,1,0.0007462686567164179,
41.75_-75.75,41.75,-75.75,1,0.0007462686567164179,
41.75_-75.50,41.75,-75.5,1,0.0007462686567164179,
41.75_-75.25,41.75,-75.25,1,0.0007462686567164179,
41.50_-90.50,41.5,-90.5,1,0.0007462686567164179,
41.50_-90.25,41.5,-90.25,1,0.0007462686567164179,
41.50_-90.00,41.5,-90.0,1,0.0007462686567164179,
41.50_-89.75,41.5,-89.75,1,0.0007462686567164179,
41.50_-89.50,41.5,-89.5,1,0.0007462686567164179,
41.50_-89.25,41.5,-89.25,1,0.0007462686567164179,
41.50_-89.00,41.5,-89.0,1,0.0007462686567164179,
41.50_-88.75,41.5,-88.75,1,0.0007462686567164179,
41.50_-88.50,41.5,-88.5,1,0.0007462686567164179,
41.50_-88.25,41.5,-88.25,1,0.0007462686567164179,
41.50_-88.00,41.5,-88.0,1,0.0007462686567164179,
41.50_-87.75,41.5,-87.75,1,0.0007462686567164179,
41.50_-87.50,41.5,-87.5,1,0.0007462686567164179,
41.50_-87.25,41.5,-87.25,1,0.0007462686567164179,
41.50_-87.00,41.5,-87.0,1,0.0007462686567164179,
41.50_-86.75,41.5,-86.75,1,0.0007462686567164179,
41.50_-86.50,41.5,-86.5,1,0.0007462686567164179,
41.50_-86.25,41.5,-86.25,1,0.0007462686567164179,
41.50_-86.00,41.5,-86.0,1,0.0007462686567164179,
41.50_-85.75,41.5,-85.75,1,0.0007462686567164179,
41.50_-85.50,41.5,-85.5,1,0.0007462686567164179,
41.50_-85.25,41.5,-85.25,1,0.0007462686567164179,
41.50_-85.00,41.5,-85.0,1,0.0007462686567164179,
41.50_-80.50,41.5,-80.5,1,0.0007462686567164179,
41.50_-80.25,41.5,-80.25,1,0.0007462686567164179,
41.50_-80.00,41.5,-80.0,1,0.0007462686567164179,
41.50_-79.75,41.5,-79.75,1,0.0007462686567164179,
41.50_-79.50,41.5,-79.5,1,0.0007462686567164179,
41.50_-79.25,41.5,-79.25,1,0.0007462686567164179,
41.50_-79.00,41.5,-79.0,1,0.0007462686567164179,
41.50_-78.75,41.5,-78.75,1,0.0007462686567164179,
41.50_-78.50,41.5,-78.5,1,0.0007462686567164179,
41.50_-78.25,41.5,-78.25,1,0.0007462686567164179,
41.50_-78.00,41.5,-78.0,1,0.0007462686567164179,
41.50_-77.75,41.5,-77.75,1,0.0007462686567164179,
41.50_-77.50,41.5,-77.5,1,0.0007462686567164179,
41.50_-77.25,41.5,-77.25,1,0.0007462686567164179,
41.50_-77.00,41.5,-77.0,1,0.0007462686567164179,
41.50_-76.75,41.5,-76.75,1,0.0007462686567164179,
41.50_-76.50,41.5,-76.5,1,0.0007462686567164179,
41.50_-76.25,41.5,-76.25,1,0.0007462686567164179,
41.50_-76.00,41.5,-76.0,1,0.0007462686567164179,
41.50_-75.75,41.5,-75.75,1,0.0007462686567164179,
41.50_-75.50,41.5,-75.5,1,0.0007462686567164179,
41.50_-75.25,41.5,-75.25,1,0.0007462686567164179,
41.50_-75.00,41.5,-75.0,1,0.0007462686567164179,
41.25_-91.00,41.25,-91.0,1,0.0007462686567164179,
41.25_-90.75,41.25,-90.75,1,0.0007462686567164179,
41.25_-90.50,41.25,-90.5,1,0.0007462686567164179,
41.25_-90.25,41.25,-90.25,1,0.0007462686567164179,
41.25_-90.00,41.25,-90.0,1,0.0007462686567164179,
41.25_-89.75,41.25,-89.75,1,0.0007462686567164179,
41.25_-89.50,41.25,-89.5,1,0.0007462686567164179,
41.25_-89.25,41.25,-89.25,1,0.0007462686567164179,
41.25_-89.00,41.25,-89.0,1,0.0007462686567164179,
41.25_-88.75,41.25,-88.75,1,0.0007462686567164179,
41.25_-88.50,41.25,-88.5,1,0.0007462686567164179,
41.25_-88.25,41.25,-88.25,1,0.0007462686567164179,
41.25_-88.00,41.25,-88.0,1,0.0007462686567164179,
41.25_-87.75,41.25,-87.75,1,0.0007462686567164179,
41.25_-87.50,41.25,-87.5,1,0.0007462686567164179,
41.25_-87.25,41.25,-87.25,1,0.0007462686567164179,
41.25_-87.00,41.25,-87.0,1,0.0007462686567164179,
41.25_-86.75,41.25,-86.75,1,0.0007462686567164179,
41.25_-86.50,41.25,-86.5,1,0.0007462686567164179,
41.25_-86.25,41.25,-86.25,1,0.0007462686567164179,
41.25_-86.00,41.25,-86.0,1,0.0007462686567164179,
41.25_-85.75,41.25,-85.75,1,0.0007462686567164179,
41.25_-85.50,41.25,-85.5,1,0.0007462686567164179,
41.25_-85.25,41.25,-85.25,1,0.0007462686567164179,
41.25_-85.00,41.25,-85.0,1,0.0007462686567164179,
41.25_-80.50,41.25,-80.5,1,0.0007462686567164179,
41.25_-80.25,41.25,-80.25,1,0.0007462686567164179,
41.25_-80.00,41.25,-80.0,1,0.0007462686567164179,
41.25_-79.75,41.25,-79.75,1,0.0007462686567164179,
41.25_-79.50,41.25,-79.5,1,0.0007462686567164179,
41.25_-79.25,41.25,-79.25,1,0.0007462686567164179,
41.25_-79.00,41.25,-79.0,1,0.0007462686567164179,
41.25_-78.75,41.25,-78.75,1,0.0007462686567164179,
41.25_-78.50,41.25,-78.5,1,0.0007462686567164179,
41.25_-78.25,41.25,-78.25,1,0.0007462686567164179,
41.25_-78.00,41.25,-78.0,1,0.0007462686567164179,
41.25_-77.75,41.25,-77.75,1,0.0007462686567164179,
41.25_-77.50,41.25,-77.5,1,0.0007462686567164179,
41.25_-77.25,41.25,-77.25,1,0.0007462686567164179,
41.25_-77.00,41.25,-77.0,1,0.0007462686567164179,
41.25_-76.75,41.25,-76.75,1,0.0007462686567164179,
41.25_-76.50,41.25,-76.5,1,0.0007462686567164179,
41.25_-76.25,41.25,-76.25,1,0.0007462686567164179,
41.25_-76.00,41.25,-76.0,1,0.0007462686567164179,
41.25_-75.75,41.25,-75.75,1,0.0007462686567164179,
41.25_-75.50,41.25,-75.5,1,0.0007462686567164179,
41.25_-75.25,41.25,-75.25,1,0.0007462686567164179,
41.25_-75.00,41.25,-75.0,1,0.0007462686567164179,
41.25_-74.75,41.25,-74.75,1,0.0007462686567164179,
41.25_-74.50,41.25,-74.5,1,0.0007462686567164179,
41.00_-90.75,41.0,-90.75,1,0.0007462686567164179,
41.00_-90.50,41.0,-90.5,1,0.0007462686567164179,
41.00_-90.25,41.0,-90.25,1,0.0007462686567164179,
41.00_-90.00,41.0,-90.0,1,0.0007462686567164179,
41.00_-89.75,41.0,-89.75,1,0.0007462686567164179,
41.00_-89.50,41.0,-89.5,1,0.0007462686567164179,
41.00_-89.25,41.0,-89.25,1,0.0007462686567164179,
41.00_-89.00,41.0,-89.0,1,0.0007462686567164179,
41.00_-88.75,41.0,-88.75,1,0.0007462686567164179,
41.00_-88.50,41.0,-88.5,1,0.0007462686567164179,
41.00_-88.25,41.0,-88.25,1,0.0007462686567164179,
41.00_-88.00,41.0,-88.0,1,0.0007462686567164179,
41.00_-87.75,41.0,-87.75,1,0.0007462686567164179,
41.00_-87.50,41.0,-87.5,1,0.0007462686567164179,
41.00_-87.25,41.0,-87.25,1,0.0007462686567164179,
41.00_-87.00,41.0,-87.0,1,0.0007462686567164179,
41.00_-86.75,41.0,-86.75,1,0.0007462686567164179,
41.00_-86.50,41.0,-86.5,1,0.0007462686567164179,
41.00_-86.25,41.0,-86.25,1,0.0007462686567164179,
41.00_-86.00,41.0,-86.0,1,0.0007462686567164179,
41.00_-85.75,41.0,-85.75,1,0.0007462686567164179,
41.00_-85.50,41.0,-85.5,1,0.0007462686567164179,
41.00_-85.25,41.0,-85.25,1,0.0007462686567164179,
41.00_-85.00,41.0,-85.0,1,0.0007462686567164179,
41.00_-80.50,41.0,-80.5,1,0.0007462686567164179,
41.00_-80.25,41.0,-80.25,1,0.0007462686567164179,
41.00_-80.00,41.0,-80.0,1,0.0007462686567164179,
41.00_-79.75,41.0,-79.75,1,0.0007462686567164179,
41.00_-79.50,41.0,-79.5,1,0.0007462686567164179,
41.00_-79.25,41.0,-79.25,1,0.0007462686567164179,
41.00_-79.00,41.0,-79.0,1,0.0007462686567164179,
41.00_-78.75,41.0,-78.75,1,0.0007462686567164179,
41.00_-78.50,41.0,-78.5,1,0.0007462686567164179,
41.00_-78.25,41.0,-78.25,1,0.0007462686567164179,
41.00_-78.00,41.0,-78.0,1,0.0007462686567164179,
41.00_-77.75,41.0,-77.75,1,0.0007462686567164179,
41.00_-77.50,41.0,-77.5,1,0.0007462686567164179,
41.00_-77.25,41.0,-77.25,1,0.0007462686567164179,
41.00_-77.00,41.0,-77.0,1,0.0007462686567164179,
41.00_-76.75,41.0,-76.75,1,0.0007462686567164179,
41.00_-76.50,41.0,-76.5,1,0.0007462686567164179,
41.00_-76.25,41.0,-76.25,1,0.0007462686567164179,
41.00_-76.00,41.0,-76.0,1,0.0007462686567164179,
41.00_-75.75,41.0,-75.75,1,0.0007462686567164179,
41.00_-75.50,41.0,-75.5,1,0.0007462686567164179,
41.00_-75.25,41.0,-75.25,1,0.0007462686567164179,
41.00_-75.00,41.0,-75.0,1,0.0007462686567164179,
41.00_-74.75,41.0,-74.75,1,0.0007462686567164179,
41.00_-74.50,41.0,-74.5,1,0.0007462686567164179,
41.00_-74.25,41.0,-74.25,1,0.0007462686567164179,
41.00_-74.00,41.0,-74.0,1,0.0007462686567164179,
40.75_-91.00,40.75,-91.0,1,0.0007462686567164179,
40.75_-90.75,40.75,-90.75,1,0.0007462686567164179,
40.75_-90.50,40.75,-90.5,1,0.0007462686567164179,
40.75_-90.25,40.75,-90.25,1,0.0007462686567164179,
40.75_-90.00,40.75,-90.0,1,0.0007462686567164179,
40.75_-89.75,40.75,-89.75,1,0.0007462686567164179,
40.75_-89.50,40.75,-89.5,1,0.0007462686567164179,
40.75_-89.25,40.75,-89.25,1,0.0007462686567164179,
40.75_-89.00,40.75,-89.0,1,0.0007462686567164179,
40.75_-88.75,40.75,-88.75,1,0.0007462686567164179,
40.75_-88.50,40.75,-88.5,1,0.0007462686567164179,
40.75_-88.25,40.75,-88.25,1,0.0007462686567164179,
40.75_-88.00,40.75,-88.0,1,0.0007462686567164179,
40.75_-87.75,40.75,-87.75,1,0.0007462686567164179,
40.75_-87.50,40.75,-87.5,1,0.0007462686567164179,
40.75_-87.25,40.75,-87.25,1,0.0007462686567164179,
40.75_-87.00,40.75,-87.0,1,0.0007462686567164179,
40.75_-86.75,40.75,-86.75,1,0.0007462686567164179,
40.75_-86.50,40.75,-86.5,1,0.0007462686567164179,
40.75_-86.25,40.75,-86.25,1,0.0007462686567164179,
40.75_-86.00,40.75,-86.0,1,0.0007462686567164179,
40.75_-85.75,40.75,-85.75,1,0.0007462686567164179,
40.75_-85.50,40.75,-85.5,1,0.0007462686567164179,
40.75_-85.25,40.75,-85.25,1,0.0007462686567164179,
40.75_-85.00,40.75,-85.0,1,0.0007462686567164179,
40.75_-80.50,40.75,-80.5,1,0.0007462686567164179,
40.75_-80.25,40.75,-80.25,1,0.0007462686567164179,
40.75_-80.00,40.75,-80.0,1,0.0007462686567164179,
40.75_-79.75,40.75,-79.75,1,0.0007462686567164179,
40.75_-79.50,40.75,-79.5,1,0.0007462686567164179,
40.75_-79.25,40.75,-79.25,1,0.0007462686567164179,
40.75_-79.00,40.75,-79.0,1,0.0007462686567164179,
40.75_-78.75,40.75,-78.75,1,0.0007462686567164179,
40.75_-78.50,40.75,-78.5,1,0.0007462686567164179,
40.75_-78.25,40.75,-78.25,1,0.0007462686567164179,
40.75_-78.00,40.75,-78.0,1,0.0007462686567164179,
40.75_-77.75,40.75,-77.75,1,0.0007462686567164179,
40.75_-77.50,40.75,-77.5,1,0.0007462686567164179,
40.75_-77.25,40.75,-77.25,1,0.0007462686567164179,
40.75_-77.00,40.75,-77.0,1,0.0007462686567164179,
40.75_-76.75,40.75,-76.75,1,0.0007462686567164179,
40.75_-76.50,40.75,-76.5,1,0.0007462686567164179,
40.75_-76.25,40.75,-76.25,1,0.0007462686567164179,
40.75_-76.00,40.75,-76.0,1,0.0007462686567164179,
40.75_-75.75,40.75,-75.75,1,0.0007462686567164179,
40.75_-75.50,40.75,-75.5,1,0.0007462686567164179,
40.75_-75.25,40.75,-75.25,1,0.0007462686567164179,
40.75_-75.00,40.75,-75.0,1,0.0007462686567164179,
40.75_-74.75,40.75,-74.75,1,0.0007462686567164179,
40.75_-74.50,40.75,-74.5,1,0.0007462686567164179,
40.75_-74.25,40.75,-74.25,1,0.0007462686567164179,
40.50_-91.25,40.5,-91.25,1,0.0007462686567164179,
40.50_-91.00,40.5,-91.0,1,0.0007462686567164179,
40.50_-90.75,40.5,-90.75,1,0.0007462686567164179,
40.50_-90.50,40.5,-90.5,1,0.0007462686567164179,
40.50_-90.25,40.5,-90.25,1,0.0007462686567164179,
40.50_-90.00,40.5,-90.0,1,0.0007462686567164179,
40.50_-89.75,40.5,-89.75,1,0.0007462686567164179,
40.50_-89.50,40.5,-89.5,1,0.0007462686567164179,
40.50_-89.25,40.5,-89.25,1,0.0007462686567164179,
40.50_-89.00,40.5,-89.0,1,0.0007462686567164179,
40.50_-88.75,40.5,-88.75,1,0.0007462686567164179,
40.50_-88.50,40.5,-88.5,1,0.0007462686567164179,
40.50_-88.25,40.5,-88.25,1,0.0007462686567164179,
40.50_-88.00,40.5,-88.0,1,0.0007462686567164179,
40.50_-87.75,40.5,-87.75,1,0.0007462686567164179,
40.50_-87.50,40.5,-87.5,1,0.0007462686567164179,
40.50_-87.25,40.5,-87.25,1,0.0007462686567164179,
40.50_-87.00,40.5,-87.0,1,0.0007462686567164179,
40.50_-86.75,40.5,-86.75,1,0.0007462686567164179,
40.50_-86.50,40.5,-86.5,1,0.0007462686567164179,
40.50_-86.25,40.5,-86.25,1,0.0007462686567164179,
40.50_-86.00,40.5,-86.0,1,0.0007462686567164179,
40.50_-85.75,40.5,-85.75,1,0.0007462686567164179,
40.50_-85.50,40.5,-85.5,1,0.0007462686567164179,
40.50_-85.25,40.5,-85.25,1,0.0007462686567164179,
40.50_-85.00,40.5,-85.0,1,0.0007462686567164179,
40.50_-80.50,40.5,-80.5,1,0.0007462686567164179,
40.50_-80.25,40.5,-80.25,1,0.0007462686567164179,
40.50_-80.00,40.5,-80.0,1,0.0007462686567164179,
40.50_-79.75,40.5,-79.75,1,0.0007462686567164179,
40.50_-79.50,40.5,-79.5,1,0.0007462686567164179,
40.50_-79.25,40.5,-79.25,1,0.0007462686567164179,
40.50_-79.00,40.5,-79.0,1,0.0007462686567164179,
40.50_-78.75,40.5,-78.75,1,0.0007462686567164179,
40.50_-78.50,40.5,-78.5,1,0.0007462686567164179,
40.50_-78.25,40.5,-78.25,1,0.0007462686567164179,
40.50_-78.00,40.5,-78.0,1,0.0007462686567164179,
40.50_-77.75,40.5,-77.75,1,0.0007462686567164179,
40.50_-77.50,40.5,-77.5,1,0.0007462686567164179,
40.50_-77.25,40.5,-77.25,1,0.0007462686567164179,
40.50_-77.00,40.5,-77.0,1,0.0007462686567164179,
40.50_-76.75,40.5,-76.75,1,0.0007462686567164179,
40.50_-76.50,40.5,-76.5,1,0.0007462686567164179,
40.50_-76.25,40.5,-76.25,1,0.0007462686567164179,
40.50_-76.00,40.5,-76.0,1,0.0007462686567164179,
40.50_-75.75,40.5,-75.75,1,0.0007462686567164179,
40.50_-75.50,40.5,-75.5,1,0.0007462686567164179,
40.50_-75.25,40.5,-75.25,1,0.0007462686567164179,
40.50_-75.00,40.5,-75.0,1,0.0007462686567164179,
40.50_-74.75,40.5,-74.75,1,0.0007462686567164179,
40.50_-74.50,40.5,-74.5,1,0.0007462686567164179,
40.25_-91.25,40.25,-91.25,1,0.0007462686567164179,
40.25_-91.00,40.25,-91.0,1,0.0007462686567164179,
40.25_-90.75,40.25,-90.75,1,0.0007462686567164179,
40.25_-90.50,40.25,-90.5,1,0.0007462686567164179,
40.25_-90.25,40.25,-90.25,1,0.0007462686567164179,
40.25_-90.00,40.25,-90.0,1,0.0007462686567164179,
40.25_-89.75,40.25,-89.75,1,0.0007462686567164179,
40.25_-89.50,40.25,-89.5,1,0.0007462686567164179,
40.25_-89.25,40.25,-89.25,1,0.0007462686567164179,
40.25_-89.00,40.25,-89.0,1,0.0007462686567164179,
40.25_-88.75,40.25,-88.75,1,0.0007462686567164179,
40.25_-88.50,40.25,-88.5,1,0.0007462686567164179,
40.25_-88.25,40.25,-88.25,1,0.0007462686567164179,
40.25_-88.00,40.25,-88.0,1,0.0007462686567164179,
40.25_-87.75,40.25,-87.75,1,0.0007462686567164179,
40.25_-87.50,40.25,-87.5,1,0.0007462686567164179,
40.25_-87.25,40.25,-87.25,1,0.0007462686567164179,
40.25_-87.00,40.25,-87.0,1,0.0007462686567164179,
40.25_-86.75,40.25,-86.75,1,0.0007462686567164179,
40.25_-86.50,40.25,-86.5,1,0.0007462686567164179,
40.25_-86.25,40.25,-86.25,1,0.0007462686567164179,
40.25_-86.00,40.25,-86.0,1,0.0007462686567164179,
40.25_-85.75,40.25,-85.75,1,0.0007462686567164179,
40.25_-85.50,40.25,-85.5,1,0.0007462686567164179,
40.25_-85.25,40.25,-85.25,1,0.0007462686567164179,
40.25_-85.00,40.25,-85.0,1,0.0007462686567164179,
40.25_-80.50,40.25,-80.5,1,0.0007462686567164179,
40.25_-80.25,40.25,-80.25,1,0.0007462686567164179,
40.25_-80.00,40.25,-80.0,1,0.0007462686567164179,
40.25_-79.75,40.25,-79.75,1,0.0007462686567164179,
40.25_-79.50,40.25,-79.5,1,0.0007462686567164179,
40.25_-79.25,40.25,-79.25,1,0.0007462686567164179,
40.25_-79.00,40.25,-79.0,1,0.0007462686567164179,
40.25_-78.75,40.25,-78.75,1,0.0007462686567164179,
40.25_-78.50,40.25,-78.5,1,0.0007462686567164179,
40.25_-78.25,40.25,-78.25,1,0.0007462686567164179,
40.25_-78.00,40.25,-78.0,1,0.0007462686567164179,
40.25_-77.75,40.25,-77.75,1,0.0007462686567164179,
40.25_-77.50,40.25,-77.5,1,0.0007462686567164179,
40.25_-77.25,40.25,-77.25,1,0.0007462686567164179,
40.25_-77.00,40.25,-77.0,1,0.0007462686567164179,
40.25_-76.75,40.25,-76.75,1,0.0007462686567164179,
40.25_-76.50,40.25,-76.5,1,0.0007462686567164179,
40.25_-76.25,40.25,-76.25,1,0.0007462686567164179,
40.25_-76.00,40.25,-76.0,1,0.0007462686567164179,
40.25_-75.75,40.25,-75.75,1,0.0007462686567164179,
40.25_-75.50,40.25,-75.5,1,0.0007462686567164179,
40.25_-75.25,40.25,-75.25,1,0.0007462686567164179,
40.25_-75.00,40.25,-75.0,1,0.0007462686567164179,
40.25_-74.75,40.25,-74.75,1,0.0007462686567164179,
40.25_-74.50,40.25,-74.5,1,0.0007462686567164179,
40.25_-74.25,40.25,-74.25,1,0.0007462686567164179,
40.25_-74.00,40.25,-74.0,1,0.0007462686567164179,
40.00_-91.25,40.0,-91.25,1,0.0007462686567164179,
40.00_-91.00,40.0,-91.0,1,0.0007462686567164179,
40.00_-90.75,40.0,-90.75,1,0.0007462686567164179,
40.00_-90.50,40.0,-90.5,1,0.0007462686567164179,
40.00_-90.25,40.0,-90.25,1,0.0007462686567164179,
40.00_-90.00,40.0,-90.0,1,0.0007462686567164179,
40.00_-89.75,40.0,-89.75,1,0.0007462686567164179,
40.00_-89.50,40.0,-89.5,1,0.0007462686567164179,
40.00_-89.25,40.0,-89.25,1,0.0007462686567164179,
40.00_-89.00,40.0,-89.0,1,0.0007462686567164179,
40.00_-88.75,40.0,-88.75,1,0.0007462686567164179,
40.00_-88.50,40.0,-88.5,1,0.0007462686567164179,
40.00_-88.25,40.0,-88.25,1,0.0007462686567164179,
40.00_-88.00,40.0,-88.0,1,0.0007462686567164179,
40.00_-87.75,40.0,-87.75,1,0.0007462686567164179,
40.00_-87.50,40.0,-87.5,1,0.0007462686567164179,
40.00_-87.25,40.0,-87.25,1,0.0007462686567164179,
40.00_-87.00,40.0,-87.0,1,0.0007462686567164179,
40.00_-86.75,40.0,-86.75,1,0.0007462686567164179,
40.00_-86.50,40.0,-86.5,1,0.0007462686567164179,
40.00_-86.25,40.0,-86.25,1,0.0007462686567164179,
40.00_-86.00,40.0,-86.0,1,0.0007462686567164179,
40.00_-85.75,40.0,-85.75,1,0.0007462686567164179,
40.00_-85.50,40.0,-85.5,1,0.0007462686567164179,
40.00_-85.25,40.0,-85.25,1,0.0007462686567164179,
40.00_-85.00,40.0,-85.0,1,0.0007462686567164179,
40.00_-80.50,40.0,-80.5,1,0.0007462686567164179,
40.00_-80.25,40.0,-80.25,1,0.0007462686567164179,
40.00_-80.00,40.0,-80.0,1,0.0007462686567164179,
40.00_-79.75,40.0,-79.75,1,0.0007462686567164179,
40.00_-79.50,40.0,-79.5,1,0.0007462686567164179,
40.00_-79.25,40.0,-79.25,1,0.0007462686567164179,
40.00_-79.00,40.0,-79.0,1,0.0007462686567164179,
40.00_-78.75,40.0,-78.75,1,0.0007462686567164179,
40.00_-78.50,40.0,-78.5,1,0.0007462686567164179,
40.00_-78.25,40.0,-78.25,1,0.0007462686567164179,
40.00_-78.00,40.0,-78.0,1,0.0007462686567164179,
40.00_-77.75,40.0,-77.75,1,0.0007462686567164179,
40.00_-77.50,40.0,-77.5,1,0.0007462686567164179,
40.00_-77.25,40.0,-77.25,1,0.0007462686567164179,
40.00_-77.00,40.0,-77.0,1,0.0007462686567164179,
40.00_-76.75,40.0,-76.75,1,0.0007462686567164179,
40.00_-76.50,40.0,-76.5,1,0.0007462686567164179,
40.00_-76.25,40.0,-76.25,1,0.0007462686567164179,
40.00_-76.00,40.0,-76.0,1,0.0007462686567164179,
40.00_-75.75,40.0,-75.75,1,0.0007462686567164179,
40.00_-75.50,40.0,-75.5,1,0.0007462686567164179,
40.00_-75.25,40.0,-75.25,1,0.0007462686567164179,
40.00_-75.00,40.0,-75.0,1,0.0007462686567164179,
40.00_-74.75,40.0,-74.75,1,0.0007462686567164179,
40.00_-74.50,40.0,-74.5,1,0.0007462686567164179,
40.00_-74.25,40.0,-74.25,1,0.0007462686567164179,
39.75_-91.25,39.75,-91.25,1,0.0007462686567164179,
39.75_-91.00,39.75,-91.0,1,0.0007462686567164179,
39.75_-90.75,39.75,-90.75,1,0.0007462686567164179,
39.75_-90.50,39.75,-90.5,1,0.0007462686567164179,
39.75_-90.25,39.75,-90.25,1,0.0007462686567164179,
39.75_-90.00,39.75,-90.0,1,0.0007462686567164179,
39.75_-89.75,39.75,-89.75,1,0.0007462686567164179,
39.75_-89.50,39.75,-89.5,1,0.0007462686567164179,
39.75_-89.25,39.75,-89.25,1,0.0007462686567164179,
39.75_-89.00,39.75,-89.0,1,0.0007462686567164179,
39.75_-88.75,39.75,-88.75,1,0.0007462686567164179,
39.75_-88.50,39.75,-88.5,1,0.0007462686567164179,
39.75_-88.25,39.75,-88.25,1,0.0007462686567164179,
39.75_-88.00,39.75,-88.0,1,0.0007462686567164179,
39.75_-87.75,39.75,-87.75,1,0.0007462686567164179,
39.75_-87.50,39.75,-87.5,1,0.0007462686567164179,
39.75_-87.25,39.75,-87.25,1,0.0007462686567164179,
39.75_-87.00,39.75,-87.0,1,0.0007462686567164179,
39.75_-86.75,39.75,-86.75,1,0.0007462686567164179,
39.75_-86.50,39.75,-86.5,1,0.0007462686567164179,
39.75_-86.25,39.75,-86.25,1,0.0007462686567164179,
39.75_-86.00,39.75,-86.0,1,0.0007462686567164179,
39.75_-85.75,39.75,-85.75,1,0.0007462686567164179,
39.75_-85.50,39.75,-85.5,1,0.0007462686567164179,
39.75_-85.25,39.75,-85.25,1,0.0007462686567164179,
39.75_-85.00,39.75,-85.0,1,0.0007462686567164179,
39.75_-80.75,39.75,-80.75,1,0.0007462686567164179,
39.75_-80.50,39.75,-80.5,1,0.0007462686567164179,
39.75_-80.25,39.75,-80.25,1,0.0007462686567164179,
39.75_-80.00,39.75,-80.0,1,0.0007462686567164179,
39.75_-79.75,39.75,-79.75,1,0.0007462686567164179,
39.75_-79.50,39.75,-79.5,1,0.0007462686567164179,
39.75_-79.25,39.75,-79.25,1,0.0007462686567164179,
39.75_-79.00,39.75,-79.0,1,0.0007462686567164179,
39.75_-78.75,39.75,-78.75,1,0.0007462686567164179,
39.75_-78.50,39.75,-78.5,1,0.0007462686567164179,
39.75_-78.25,39.75,-78.25,1,0.0007462686567164179,
39.75_-78.00,39.75,-78.0,1,0.0007462686567164179,
39.75_-77.75,39.75,-77.75,1,0.0007462686567164179,
39.75_-77.50,39.75,-77.5,1,0.0007462686567164179,
39.75_-77.25,39.75,-77.25,1,0.0007462686567164179,
39.75_-77.00,39.75,-77.0,1,0.0007462686567164179,
39.75_-76.75,39.75,-76.75,1,0.0007462686567164179,
39.75_-76.50,39.75,-76.5,1,0.0007462686567164179,
39.75_-76.25,39.75,-76.25,1,0.0007462686567164179,
39.75_-76.00,39.75,-76.0,1,0.0007462686567164179,
39.75_-75.75,39.75,-75.75,1,0.0007462686567164179,
39.75_-75.50,39.75,-75.5,1,0.0007462686567164179,
39.75_-75.25,39.75,-75.25,1,0.0007462686567164179,
39.75_-75.00,39.75,-75.0,1,0.0007462686567164179,
39.75_-74.75,39.75,-74.75,1,0.0007462686567164179,
39.75_-74.50,39.75,-74.5,1,0.0007462686567164179,
39.75_-74.25,39.75,-74.25,1,0.0007462686567164179,
39.50_-91.00,39.5,-91.0,1,0.0007462686567164179,
39.50_-90.75,39.5,-90.75,1,0.0007462686567164179,
39.50_-90.50,39.5,-90.5,1,0.0007462686567164179,
39.50_-90.25,39.5,-90.25,1,0.0007462686567164179,
39.50_-90.00,39.5,-90.0,1,0.0007462686567164179,
39.50_-89.75,39.5,-89.75,1,0.0007462686567164179,
39.50_-89.50,39.5,-89.5,1,0.0007462686567164179,
39.50_-89.25,39.5,-89.25,1,0.0007462686567164179,
39.50_-89.00,39.5,-89.0,1,0.0007462686567164179,
39.50_-88.75,39.5,-88.75,1,0.0007462686567164179,
39.50_-88.50,39.5,-88.5,1,0.0007462686567164179,
39.50_-88.25,39.5,-88.25,1,0.0007462686567164179,
39.50_-88.00,39.5,-88.0,1,0.0007462686567164179,
39.50_-87.75,39.5,-87.75,1,0.0007462686567164179,
39.50_-87.50,39.5,-87.5,1,0.0007462686567164179,
39.50_-87.25,39.5,-87.25,1,0.0007462686567164179,
39.50_-87.00,39.5,-87.0,1,0.0007462686567164179,
39.50_-86.75,39.5,-86.75,1,0.0007462686567164179,
39.50_-86.50,39.5,-86.5,1,0.0007462686567164179,
39.50_-86.25,39.5,-86.25,1,0.0007462686567164179,
39.50_-86.00,39.5,-86.0,1,0.0007462686567164179,
39.50_-85.75,39.5,-85.75,1,0.0007462686567164179,
39.50_-85.50,39.5,-85.5,1,0.0007462686567164179,
39.50_-85.25,39.5,-85.25,1,0.0007462686567164179,
39.50_-85.00,39.5,-85.0,1,0.0007462686567164179,
39.50_-81.00,39.5,-81.0,1,0.0007462686567164179,
39.50_-80.75,39.5,-80.75,1,0.0007462686567164179,
39.50_-80.50,39.5,-80.5,1,0.0007462686567164179,
39.50_-80.25,39.5,-80.25,1,0.0007462686567164179,
39.50_-80.00,39.5,-80.0,1,0.0007462686567164179,
39.50_-79.75,39.5,-79.75,1,0.0007462686567164179,
39.50_-79.50,39.5,-79.5,1,0.0007462686567164179,
39.50_-78.75,39.5,-78.75,1,0.0007462686567164179,
39.50_-78.50,39.5,-78.5,1,0.0007462686567164179,
39.50_-78.25,39.5,-78.25,1,0.0007462686567164179,
39.50_-78.00,39.5,-78.0,1,0.0007462686567164179,
39.50_-75.75,39.5,-75.75,1,0.0007462686567164179,
39.50_-75.50,39.5,-75.5,1,0.0007462686567164179,
39.50_-75.25,39.5,-75.25,1,0.0007462686567164179,
39.50_-75.00,39.5,-75.0,1,0.0007462686567164179,
39.50_-74.75,39.5,-74.75,1,0.0007462686567164179,
39.50_-74.50,39.5,-74.5,1,0.0007462686567164179,
39.25_-90.50,39.25,-90.5,1,0.0007462686567164179,
39.25_-90.25,39.25,-90.25,1,0.0007462686567164179,
39.25_-90.00,39.25,-90.0,1,0.0007462686567164179,
39.25_-89.75,39.25,-89.75,1,0.0007462686567164179,
39.25_-89.50,39.25,-89.5,1,0.0007462686567164179,
39.25_-89.25,39.25,-89.25,1,0.0007462686567164179,
39.25_-89.00,39.25,-89.0,1,0.0007462686567164179,
39.25_-88.75,39.25,-88.75,1,0.0007462686567164179,
39.25_-88.50,39.25,-88.5,1,0.0007462686567164179,
39.25_-88.25,39.25,-88.25,1,0.0007462686567164179,
39.25_-88.00,39.25,-88.0,1,0.0007462686567164179,
39.25_-87.75,39.25,-87.75,1,0.0007462686567164179,
39.25_-87.50,39.25,-87.5,1,0.0007462686567164179,
39.25_-87.25,39.25,-87.25,1,0.0007462686567164179,
39.25_-87.00,39.25,-87.0,1,0.0007462686567164179,
39.25_-86.75,39.25,-86.75,1,0.0007462686567164179,
39.25_-86.50,39.25,-86.5,1,0.0007462686567164179,
39.25_-86.25,39.25,-86.25,1,0.0007462686567164179,
39.25_-86.00,39.25,-86.0,1,0.0007462686567164179,
39.25_-85.75,39.25,-85.75,1,0.0007462686567164179,
39.25_-85.50,39.25,-85.5,1,0.0007462686567164179,
39.25_-85.25,39.25,-85.25,1,0.0007462686567164179,
39.25_-85.00,39.25,-85.0,1,0.0007462686567164179,
39.25_-81.50,39.25,-81.5,1,0.0007462686567164179,
39.25_-81.25,39.25,-81.25,1,0.0007462686567164179,
39.25_-81.00,39.25,-81.0,1,0.0007462686567164179,
39.25_-80.75,39.25,-80.75,1,0.0007462686567164179,
39.25_-80.50,39.25,-80.5,1,0.0007462686567164179,
39.25_-80.25,39.25,-80.25,1,0.0007462686567164179,
39.25_-80.00,39.25,-80.0,1,0.0007462686567164179,
39.25_-79.75,39.25,-79.75,1,0.0007462686567164179,
39.25_-79.50,39.25,-79.5,1,0.0007462686567164179,
39.25_-79.25,39.25,-79.25,1,0.0007462686567164179,
39.25_-79.00,39.25,-79.0,1,0.0007462686567164179,
39.25_-78.75,39.25,-78.75,1,0.0007462686567164179,
39.25_-78.50,39.25,-78.5,1,0.0007462686567164179,
39.25_-78.00,39.25,-78.0,1,0.0007462686567164179,
39.25_-75.75,39.25,-75.75,1,0.0007462686567164179,
39.25_-75.50,39.25,-75.5,1,0.0007462686567164179,
39.25_-75.00,39.25,-75.0,1,0.0007462686567164179,
39.25_-74.75,39.25,-74.75,1,0.0007462686567164179,
39.00_-90.50,39.0,-90.5,1,0.0007462686567164179,
39.00_-90.25,39.0,-90.25,1,0.0007462686567164179,
39.00_-90.00,39.0,-90.0,1,0.0007462686567164179,
39.00_-89.75,39.0,-89.75,1,0.0007462686567164179,
39.00_-89.50,39.0,-89.5,1,0.0007462686567164179,
39.00_-89.25,39.0,-89.25,1,0.0007462686567164179,
39.00_-89.00,39.0,-89.0,1,0.0007462686567164179,
39.00_-88.75,39.0,-88.75,1,0.0007462686567164179,
39.00_-88.50,39.0,-88.5,1,0.0007462686567164179,
39.00_-88.25,39.0,-88.25,1,0.0007462686567164179,
39.00_-88.00,39.0,-88.0,1,0.0007462686567164179,
39.00_-87.75,39.0,-87.75,1,0.0007462686567164179,
39.00_-87.50,39.0,-87.5,1,0.0007462686567164179,
39.00_-87.25,39.0,-87.25,1,0.0007462686567164179,
39.00_-87.00,39.0,-87.0,1,0.0007462686567164179,
39.00_-86.75,39.0,-86.75,1,0.0007462686567164179,
39.00_-86.50,39.0,-86.5,1,0.0007462686567164179,
39.00_-86.25,39.0,-86.25,1,0.0007462686567164179,
39.00_-86.00,39.0,-86.0,1,0.0007462686567164179,
39.00_-85.75,39.0,-85.75,1,0.0007462686567164179,
39.00_-85.50,39.0,-85.5,1,0.0007462686567164179,
39.00_-85.25,39.0,-85.25,1,0.0007462686567164179,
39.00_-85.00,39.0,-85.0,1,0.0007462686567164179,
39.00_-84.75,39.0,-84.75,1,0.0007462686567164179,
39.00_-84.50,39.0,-84.5,1,0.0007462686567164179,
39.00_-82.00,39.0,-82.0,1,0.0007462686567164179,
39.00_-81.75,39.0,-81.75,1,0.0007462686567164179,
39.00_-81.50,39.0,-81.5,1,0.0007462686567164179,
39.00_-81.25,39.0,-81.25,1,0.0007462686567164179,
39.00_-81.00,39.0,-81.0,1,0.0007462686567164179,
39.00_-80.75,39.0,-80.75,1,0.0007462686567164179,
39.00_-80.50,39.0,-80.5,1,0.0007462686567164179,
39.00_-80.25,39.0,-80.25,1,0.0007462686567164179,
39.00_-80.00,39.0,-80.0,1,0.0007462686567164179,
39.00_-79.75,39.0,-79.75,1,0.0007462686567164179,
39.00_-79.50,39.0,-79.5,1,0.0007462686567164179,
39.00_-79.25,39.0,-79.25,1,0.0007462686567164179,
39.00_-79.00,39.0,-79.0,1,0.0007462686567164179,
39.00_-78.75,39.0,-78.75,1,0.0007462686567164179,
39.00_-75.50,39.0,-75.5,1,0.0007462686567164179,
38.75_-90.00,38.75,-90.0,1,0.0007462686567164179,
38.75_-89.75,38.75,-89.75,1,0.0007462686567164179,
38.75_-89.50,38.75,-89.5,1,0.0007462686567164179,
38.75_-89.25,38.75,-89.25,1,0.0007462686567164179,
38.75_-89.00,38.75,-89.0,1,0.0007462686567164179,
38.75_-88.75,38.75,-88.75,1,0.0007462686567164179,
38.75_-88.50,38.75,-88.5,1,0.0007462686567164179,
38.75_-88.25,38.75,-88.25,1,0.0007462686567164179,
38.75_-88.00,38.75,-88.0,1,0.0007462686567164179,
38.75_-87.75,38.75,-87.75,1,0.0007462686567164179,
38.75_-87.50,38.75,-87.5,1,0.0007462686567164179,
38.75_-87.25,38.75,-87.25,1,0.0007462686567164179,
38.75_-87.00,38.75,-87.0,1,0.0007462686567164179,
38.75_-86.75,38.75,-86.75,1,0.0007462686567164179,
38.75_-86.50,38.75,-86.5,1,0.0007462686567164179,
38.75_-86.25,38.75,-86.25,1,0.0007462686567164179,
38.75_-86.00,38.75,-86.0,1,0.0007462686567164179,
38.75_-85.75,38.75,-85.75,1,0.0007462686567164179,
38.75_-85.50,38.75,-85.5,1,0.0007462686567164179,
38.75_-85.25,38.75,-85.25,1,0.0007462686567164179,
38.75_-85.00,38.75,-85.0,1,0.0007462686567164179,
38.75_-84.75,38.75,-84.75,1,0.0007462686567164179,
38.75_-84.50,38.75,-84.5,1,0.0007462686567164179,
38.75_-84.25,38.75,-84.25,1,0.0007462686567164179,
38.75_-84.00,38.75,-84.0,1,0.0007462686567164179,
38.75_-82.00,38.75,-82.0,1,0.0007462686567164179,
38.75_-81.75,38.75,-81.75,1,0.0007462686567164179,
38.75_-81.50,38.75,-81.5,1,0.0007462686567164179,
38.75_-81.25,38.75,-81.25,1,0.0007462686567164179,
38.75_-81.00,38.75,-81.0,1,0.0007462686567164179,
38.75_-80.75,38.75,-80.75,1,0.0007462686567164179,
38.75_-80.50,38.75,-80.5,1,0.0007462686567164179,
38.75_-80.25,38.75,-80.25,1,0.0007462686567164179,
38.75_-80.00,38.75,-80.0,1,0.0007462686567164179,
38.75_-79.75,38.75,-79.75,1,0.0007462686567164179,
38.75_-79.50,38.75,-79.5,1,0.0007462686567164179,
38.75_-79.25,38.75,-79.25,1,0.0007462686567164179,
38.75_-75.50,38.75,-75.5,1,0.0007462686567164179,
38.75_-75.25,38.75,-75.25,1,0.0007462686567164179,
38.50_-90.25,38.5,-90.25,1,0.0007462686567164179,
38.50_-90.00,38.5,-90.0,1,0.0007462686567164179,
38.50_-89.75,38.5,-89.75,1,0.0007462686567164179,
38.50_-89.50,38.5,-89.5,1,0.0007462686567164179,
38.50_-89.25,38.5,-89.25,1,0.0007462686567164179,
38.50_-89.00,38.5,-89.0,1,0.0007462686567164179,
38.50_-88.75,38.5,-88.75,1,0.0007462686567164179,
38.50_-88.50,38.5,-88.5,1,0.0007462686567164179,
38.50_-88.25,38.5,-88.25,1,0.0007462686567164179,
38.50_-88.00,38.5,-88.0,1,0.0007462686567164179,
38.50_-87.75,38.5,-87.75,1,0.0007462686567164179,
38.50_-87.50,38.5,-87.5,1,0.0007462686567164179,
38.50_-87.25,38.5,-87.25,1,0.0007462686567164179,
38.50_-87.00,38.5,-87.0,1,0.0007462686567164179,
38.50_-86.75,38.5,-86.75,1,0.0007462686567164179,
38.50_-86.50,38.5,-86.5,1,0.0007462686567164179,
38.50_-86.25,38.5,-86.25,1,0.0007462686567164179,
38.50_-86.00,38.5,-86.0,1,0.0007462686567164179,
38.50_-85.75,38.5,-85.75,1,0.0007462686567164179,
38.50_-85.50,38.5,-85.5,1,0.0007462686567164179,
38.50_-85.25,38.5,-85.25,1,0.0007462686567164179,
38.50_-85.00,38.5,-85.0,1,0.0007462686567164179,
38.50_-84.75,38.5,-84.75,1,0.0007462686567164179,
38.50_-84.50,38.5,-84.5,1,0.0007462686567164179,
38.50_-84.25,38.5,-84.25,1,0.0007462686567164179,
38.50_-84.00,38.5,-84.0,1,0.0007462686567164179,
38.50_-83.75,38.5,-83.75,1,0.0007462686567164179,
38.50_-83.50,38.5,-83.5,1,0.0007462686567164179,
38.50_-83.25,38.5,-83.25,1,0.0007462686567164179,
38.50_-83.00,38.5,-83.0,1,0.0007462686567164179,
38.50_-82.75,38.5,-82.75,1,0.0007462686567164179,
38.50_-82.25,38.5,-82.25,1,0.0007462686567164179,
38.50_-82.00,38.5,-82.0,1,0.0007462686567164179,
38.50_-81.75,38.5,-81.75,1,0.0007462686567164179,
38.50_-81.50,38.5,-81.5,1,0.0007462686567164179,
38.50_-81.25,38.5,-81.25,1,0.0007462686567164179,
38.50_-81.00,38.5,-81.0,1,0.0007462686567164179,
38.50_-80.75,38.5,-80.75,1,0.0007462686567164179,
38.50_-80.50,38.5,-80.5,1,0.0007462686567164179,
38.50_-80.25,38.5,-80.25,1,0.0007462686567164179,
38.50_-80.00,38.5,-80.0,1,0.0007462686567164179,
38.50_-79.75,38.5,-79.75,1,0.0007462686567164179,
38.50_-79.50,38.5,-79.5,1,0.0007462686567164179,
38.50_-79.25,38.5,-79.25,1,0.0007462686567164179,
38.50_-75.50,38.5,-75.5,1,0.0007462686567164179,
38.50_-75.25,38.5,-75.25,1,0.0007462686567164179,
38.25_-90.25,38.25,-90.25,1,0.0007462686567164179,
38.25_-90.00,38.25,-90.0,1,0.0007462686567164179,
38.25_-89.75,38.25,-89.75,1,0.0007462686567164179,
38.25_-89.50,38.25,-89.5,1,0.0007462686567164179,
38.25_-89.25,38.25,-89.25,1,0.0007462686567164179,
38.25_-89.00,38.25,-89.0,1,0.0007462686567164179,
38.25_-88.75,38.25,-88.75,1,0.0007462686567164179,
38.25_-88.50,38.25,-88.5,1,0.0007462686567164179,
38.25_-88.25,38.25,-88.25,1,0.0007462686567164179,
38.25_-88.00,38.25,-88.0,1,0.0007462686567164179,
38.25_-87.75,38.25,-87.75,1,0.0007462686567164179,
38.25_-87.50,38.25,-87.5,1,0.0007462686567164179,
38.25_-87.25,38.25,-87.25,1,0.0007462686567164179,
38.25_-87.00,38.25,-87.0,1,0.0007462686567164179,
38.25_-86.75,38.25,-86.75,1,0.0007462686567164179,
38.25_-86.50,38.25,-86.5,1,0.0007462686567164179,
38.25_-86.25,38.25,-86.25,1,0.0007462686567164179,
38.25_-86.00,38.25,-86.0,1,0.0007462686567164179,
38.25_-85.75,38.25,-85.75,1,0.0007462686567164179,
38.25_-85.50,38.25,-85.5,1,0.0007462686567164179,
38.25_-85.25,38.25,-85.25,1,0.0007462686567164179,
38.25_-85.00,38.25,-85.0,1,0.0007462686567164179,
38.25_-84.75,38.25,-84.75,1,0.0007462686567164179,
38.25_-84.50,38.25,-84.5,1,0.0007462686567164179,
38.25_-84.25,38.25,-84.25,1,0.0007462686567164179,
38.25_-84.00,38.25,-84.0,1,0.0007462686567164179,
38.25_-83.75,38.25,-83.75,1,0.0007462686567164179,
38.25_-83.50,38.25,-83.5,1,0.0007462686567164179,
38.25_-83.25,38.25,-83.25,1,0.0007462686567164179,
38.25_-83.00,38.25,-83.0,1,0.0007462686567164179,
38.25_-82.75,38.25,-82.75,1,0.0007462686567164179,
38.25_-82.50,38.25,-82.5,1,0.0007462686567164179,
38.25_-82.25,38.25,-82.25,1,0.0007462686567164179,
38.25_-82.00,38.25,-82.0,1,0.0007462686567164179,
38.25_-81.75,38.25,-81.75,1,0.0007462686567164179,
38.25_-81.50,38.25,-81.5,1,0.0007462686567164179,
38.25_-81.25,38.25,-81.25,1,0.0007462686567164179,
38.25_-81.00,38.25,-81.0,1,0.0007462686567164179,
38.25_-80.75,38.25,-80.75,1,0.0007462686567164179,
38.25_-80.50,38.25,-80.5,1,0.0007462686567164179,
38.25_-80.25,38.25,-80.25,1,0.0007462686567164179,
38.25_-80.00,38.25,-80.0,1,0.0007462686567164179,
38.00_-90.00,38.0,-90.0,1,0.0007462686567164179,
38.00_-89.75,38.0,-89.75,1,0.0007462686567164179,
38.00_-89.50,38.0,-89.5,1,0.0007462686567164179,
38.00_-89.25,38.0,-89.25,1,0.0007462686567164179,
38.00_-89.00,38.0,-89.0,1,0.0007462686567164179,
38.00_-88.75,38.0,-88.75,1,0.0007462686567164179,
38.00_-88.50,38.0,-88.5,1,0.0007462686567164179,
38.00_-88.25,38.0,-88.25,1,0.0007462686567164179,
38.00_-88.00,38.0,-88.0,1,0.0007462686567164179,
38.00_-87.75,38.0,-87.75,1,0.0007462686567164179,
38.00_-87.50,38.0,-87.5,1,0.0007462686567164179,
38.00_-87.25,38.0,-87.25,1,0.0007462686567164179,
38.00_-87.00,38.0,-87.0,1,0.0007462686567164179,
38.00_-86.75,38.0,-86.75,1,0.0007462686567164179,
38.00_-86.50,38.0,-86.5,1,0.0007462686567164179,
38.00_-86.25,38.0,-86.25,1,0.0007462686567164179,
38.00_-86.00,38.0,-86.0,1,0.0007462686567164179,
38.00_-85.75,38.0,-85.75,1,0.0007462686567164179,
38.00_-85.50,38.0,-85.5,1,0.0007462686567164179,
38.00_-85.25,38.0,-85.25,1,0.0007462686567164179,
38.00_-85.00,38.0,-85.0,1,0.0007462686567164179,
38.00_-84.75,38.0,-84.75,1,0.0007462686567164179,
38.00_-84.50,38.0,-84.5,1,0.0007462686567164179,
38.00_-84.25,38.0,-84.25,1,0.0007462686567164179,
38.00_-84.00,38.0,-84.0,1,0.0007462686567164179,
38.00_-83.75,38.0,-83.75,1,0.0007462686567164179,
38.00_-83.50,38.0,-83.5,1,0.0007462686567164179,
38.00_-83.25,38.0,-83.25,1,0.0007462686567164179,
38.00_-83.00,38.0,-83.0,1,0.0007462686567164179,
38.00_-82.75,38.0,-82.75,1,0.0007462686567164179,
38.00_-82.50,38.0,-82.5,1,0.0007462686567164179,
38.00_-82.25,38.0,-82.25,1,0.0007462686567164179,
38.00_-82.00,38.0,-82.0,1,0.0007462686567164179,
38.00_-81.75,38.0,-81.75,1,0.0007462686567164179,
38.00_-81.50,38.0,-81.5,1,0.0007462686567164179,
38.00_-81.25,38.0,-81.25,1,0.0007462686567164179,
38.00_-81.00,38.0,-81.0,1,0.0007462686567164179,
38.00_-80.75,38.0,-80.75,1,0.0007462686567164179,
38.00_-80.50,38.0,-80.5,1,0.0007462686567164179,
38.00_-80.25,38.0,-80.25,1,0.0007462686567164179,
38.00_-76.00,38.0,-76.0,1,0.0007462686567164179,
38.00_-75.50,38.0,-75.5,1,0.0007462686567164179,
37.75_-89.50,37.75,-89.5,1,0.0007462686567164179,
37.75_-89.25,37.75,-89.25,1,0.0007462686567164179,
37.75_-89.00,37.75,-89.0,1,0.0007462686567164179,
37.75_-88.75,37.75,-88.75,1,0.0007462686567164179,
37.75_-88.50,37.75,-88.5,1,0.0007462686567164179,
37.75_-88.25,37.75,-88.25,1,0.0007462686567164179,
37.75_-88.00,37.75,-88.0,1,0.0007462686567164179,
37.75_-87.75,37.75,-87.75,1,0.0007462686567164179,
37.75_-87.50,37.75,-87.5,1,0.0007462686567164179,
37.75_-87.25,37.75,-87.25,1,0.0007462686567164179,
37.75_-87.00,37.75,-87.0,1,0.0007462686567164179,
37.75_-86.75,37.75,-86.75,1,0.0007462686567164179,
37.75_-86.50,37.75,-86.5,1,0.0007462686567164179,
37.75_-86.25,37.75,-86.25,1,0.0007462686567164179,
37.75_-86.00,37.75,-86.0,1,0.0007462686567164179,
37.75_-85.75,37.75,-85.75,1,0.0007462686567164179,
37.75_-85.50,37.75,-85.5,1,0.0007462686567164179,
37.75_-85.25,37.75,-85.25,1,0.0007462686567164179,
37.75_-85.00,37.75,-85.0,1,0.0007462686567164179,
37.75_-84.75,37.75,-84.75,1,0.0007462686567164179,
37.75_-84.50,37.75,-84.5,1,0.0007462686567164179,
37.75_-84.25,37.75,-84.25,1,0.0007462686567164179,
37.75_-84.00,37.75,-84.0,1,0.0007462686567164179,
37.75_-83.75,37.75,-83.75,1,0.0007462686567164179,
37.75_-83.50,37.75,-83.5,1,0.0007462686567164179,
37.75_-83.25,37.75,-83.25,1,0.0007462686567164179,
37.75_-83.00,37.75,-83.0,1,0.0007462686567164179,
37.75_-82.75,37.75,-82.75,1,0.0007462686567164179,
37.75_-82.50,37.75,-82.5,1,0.0007462686567164179,
37.75_-82.25,37.75,-82.25,1,0.0007462686567164179,
37.75_-82.00,37.75,-82.0,1,0.0007462686567164179,
37.75_-81.75,37.75,-81.75,1,0.0007462686567164179,
37.75_-81.50,37.75,-81.5,1,0.0007462686567164179,
37.75_-81.25,37.75,-81.25,1,0.0007462686567164179,
37.75_-81.00,37.75,-81.0,1,0.0007462686567164179,
37.75_-80.75,37.75,-80.75,1,0.0007462686567164179,
37.75_-80.50,37.75,-80.5,1,0.0007462686567164179,
37.75_-80.25,37.75,-80.25,1,0.0007462686567164179,
37.75_-75.75,37.75,-75.75,1,0.0007462686567164179,
37.50_-89.25,37.5,-89.25,1,0.0007462686567164179,
37.50_-89.00,37.5,-89.0,1,0.0007462686567164179,
37.50_-88.75,37.5,-88.75,1,0.0007462686567164179,
37.50_-88.50,37.5,-88.5,1,0.0007462686567164179,
37.50_-88.25,37.5,-88.25,1,0.0007462686567164179,
37.50_-88.00,37.5,-88.0,1,0.0007462686567164179,
37.50_-87.75,37.5,-87.75,1,0.0007462686567164179,
37.50_-87.50,37.5,-87.5,1,0.0007462686567164179,
37.50_-87.25,37.5,-87.25,1,0.0007462686567164179,
37.50_-87.00,37.5,-87.0,1,0.0007462686567164179,
37.50_-86.75,37.5,-86.75,1,0.0007462686567164179,
37.50_-86.50,37.5,-86.5,1,0.0007462686567164179,
37.50_-86.25,37.5,-86.25,1,0.0007462686567164179,
37.50_-86.00,37.5,-86.0,1,0.0007462686567164179,
37.50_-85.75,37.5,-85.75,1,0.0007462686567164179,
37.50_-85.50,37.5,-85.5,1,0.0007462686567164179,
37.50_-85.25,37.5,-85.25,1,0.0007462686567164179,
37.50_-85.00,37.5,-85.0,1,0.0007462686567164179,
37.50_-84.75,37.5,-84.75,1,0.0007462686567164179,
37.50_-84.50,37.5,-84.5,1,0.0007462686567164179,
37.50_-84.25,37.5,-84.25,1,0.0007462686567164179,
37.50_-84.00,37.5,-84.0,1,0.0007462686567164179,
37.50_-83.75,37.5,-83.75,1,0.0007462686567164179,
37.50_-83.50,37.5,-83.5,1,0.0007462686567164179,
37.50_-83.25,37.5,-83.25,1,0.0007462686567164179,
37.50_-83.00,37.5,-83.0,1,0.0007462686567164179,
37.50_-82.75,37.5,-82.75,1,0.0007462686567164179,
37.50_-82.50,37.5,-82.5,1,0.0007462686567164179,
37.50_-82.25,37.5,-82.25,1,0.0007462686567164179,
37.50_-81.75,37.5,-81.75,1,0.0007462686567164179,
37.50_-81.50,37.5,-81.5,1,0.0007462686567164179,
37.50_-81.25,37.5,-81.25,1,0.0007462686567164179,
37.50_-81.00,37.5,-81.0,1,0.0007462686567164179,
37.50_-80.75,37.5,-80.75,1,0.0007462686567164179,
37.50_-80.50,37.5,-80.5,1,0.0007462686567164179,
37.50_-75.75,37.5,-75.75,1,0.0007462686567164179,
37.25_-89.25,37.25,-89.25,1,0.0007462686567164179,
37.25_-89.00,37.25,-89.0,1,0.0007462686567164179,
37.25_-88.75,37.25,-88.75,1,0.0007462686567164179,
37.25_-88.50,37.25,-88.5,1,0.0007462686567164179,
37.25_-88.25,37.25,-88.25,1,0.0007462686567164179,
37.25_-88.00,37.25,-88.0,1,0.0007462686567164179,
37.25_-87.75,37.25,-87.75,1,0.0007462686567164179,
37.25_-87.50,37.25,-87.5,1,0.0007462686567164179,
37.25_-87.25,37.25,-87.25,1,0.0007462686567164179,
37.25_-87.00,37.25,-87.0,1,0.0007462686567164179,
37.25_-86.75,37.25,-86.75,1,0.0007462686567164179,
37.25_-86.50,37.25,-86.5,1,0.0007462686567164179,
37.25_-86.25,37.25,-86.25,1,0.0007462686567164179,
37.25_-86.00,37.25,-86.0,1,0.0007462686567164179,
37.25_-85.75,37.25,-85.75,1,0.0007462686567164179,
37.25_-85.50,37.25,-85.5,1,0.0007462686567164179,
37.25_-85.25,37.25,-85.25,1,0.0007462686567164179,
37.25_-85.00,37.25,-85.0,1,0.0007462686567164179,
37.25_-84.75,37.25,-84.75,1,0.0007462686567164179,
37.25_-84.50,37.25,-84.5,1,0.0007462686567164179,
37.25_-84.25,37.25,-84.25,1,0.0007462686567164179,
37.25_-84.00,37.25,-84.0,1,0.0007462686567164179,
37.25_-83.75,37.25,-83.75,1,0.0007462686567164179,
37.25_-83.50,37.25,-83.5,1,0.0007462686567164179,
37.25_-83.25,37.25,-83.25,1,0.0007462686567164179,
37.25_-83.00,37.25,-83.0,1,0.0007462686567164179,
37.25_-82.75,37.25,-82.75,1,0.0007462686567164179,
37.25_-82.50,37.25,-82.5,1,0.0007462686567164179,
37.25_-81.75,37.25,-81.75,1,0.0007462686567164179,
37.25_-81.50,37.25,-81.5,1,0.0007462686567164179,
37.25_-76.00,37.25,-76.0,1,0.0007462686567164179,
37.00_-89.00,37.0,-89.0,1,0.0007462686567164179,
37.00_-88.75,37.0,-88.75,1,0.0007462686567164179,
37.00_-88.50,37.0,-88.5,1,0.0007462686567164179,
37.00_-88.25,37.0,-88.25,1,0.0007462686567164179,
37.00_-88.00,37.0,-88.0,1,0.0007462686567164179,
37.00_-87.75,37.0,-87.75,1,0.0007462686567164179,
37.00_-87.50,37.0,-87.5,1,0.0007462686567164179,
37.00_-87.25,37.0,-87.25,1,0.0007462686567164179,
37.00_-87.00,37.0,-87.0,1,0.0007462686567164179,
37.00_-86.75,37.0,-86.75,1,0.0007462686567164179,
37.00_-86.50,37.0,-86.5,1,0.0007462686567164179,
37.00_-86.25,37.0,-86.25,1,0.0007462686567164179,
37.00_-86.00,37.0,-86.0,1,0.0007462686567164179,
37.00_-85.75,37.0,-85.75,1,0.0007462686567164179,
37.00_-85.50,37.0,-85.5,1,0.0007462686567164179,
37.00_-85.25,37.0,-85.25,1,0.0007462686567164179,
37.00_-85.00,37.0,-85.0,1,0.0007462686567164179,
37.00_-84.75,37.0,-84.75,1,0.0007462686567164179,
37.00_-84.50,37.0,-84.5,1,0.0007462686567164179,
37.00_-84.25,37.0,-84.25,1,0.0007462686567164179,
37.00_-84.00,37.0,-84.0,1,0.0007462686567164179,
37.00_-83.75,37.0,-83.75,1,0.0007462686567164179,
37.00_-83.50,37.0,-83.5,1,0.0007462686567164179,
37.00_-83.25,37.0,-83.25,1,0.0007462686567164179,
37.00_-83.00,37.0,-83.0,1,0.0007462686567164179,
36.75_-89.00,36.75,-89.0,1,0.0007462686567164179,
36.75_-88.75,36.75,-88.75,1,0.0007462686567164179,
36.75_-88.50,36.75,-88.5,1,0.0007462686567164179,
36.75_-88.25,36.75,-88.25,1,0.0007462686567164179,
36.75_-88.00,36.75,-88.0,1,0.0007462686567164179,
36.75_-87.75,36.75,-87.75,1,0.0007462686567164179,
36.75_-87.50,36.75,-87.5,1,0.0007462686567164179,
36.75_-87.25,36.75,-87.25,1,0.0007462686567164179,
36.75_-87.00,36.75,-87.0,1,0.0007462686567164179,
36.75_-86.75,36.75,-86.75,1,0.0007462686567164179,
36.75_-86.50,36.75,-86.5,1,0.0007462686567164179,
36.75_-86.25,36.75,-86.25,1,0.0007462686567164179,
36.75_-86.00,36.75,-86.0,1,0.0007462686567164179,
36.75_-85.75,36.75,-85.75,1,0.0007462686567164179,
36.75_-85.50,36.75,-85.5,1,0.0007462686567164179,
36.75_-85.25,36.75,-85.25,1,0.0007462686567164179,
36.75_-85.00,36.75,-85.0,1,0.0007462686567164179,
36.75_-84.75,36.75,-84.75,1,0.0007462686567164179,
36.75_-84.50,36.75,-84.5,1,0.0007462686567164179,
36.75_-84.25,36.75,-84.25,1,0.0007462686567164179,
36.75_-84.00,36.75,-84.0,1,0.0007462686567164179,
36.75_-83.75,36.75,-83.75,1,0.0007462686567164179,
36.75_-83.50,36.75,-83.5,1,0.0007462686567164179,
36.75_-83.25,36.75,-83.25,1,0.0007462686567164179,
36.50_-89.50,36.5,-89.5,1,0.0007462686567164179,
36.50_-89.25,36.5,-89.25,1,0.0007462686567164179,
36.50_-89.00,36.5,-89.0,1,0.0007462686567164179,
36.50_-88.75,36.5,-88.75,1,0.0007462686567164179,
36.50_-88.50,36.5,-88.5,1,0.0007462686567164179,
36.50_-88.25,36.5,-88.25,1,0.0007462686567164179,
36.50_-88.00,36.5,-88.0,1,0.0007462686567164179,
36.50_-87.75,36.5,-87.75,1,0.0007462686567164179,
36.50_-87.50,36.5,-87.5,1,0.0007462686567164179,
36.50_-87.25,36.5,-87.25,1,0.0007462686567164179,
36.50_-87.00,36.5,-87.0,1,0.0007462686567164179,
36.50_-86.75,36.5,-86.75,1,0.0007462686567164179,
36.50_-86.50,36.5,-86.5,1,0.0007462686567164179,
36.50_-86.25,36.5,-86.25,1,0.0007462686567164179,
36.50_-86.00,36.5,-86.0,1,0.0007462686567164179,
36.50_-85.75,36.5,-85.75,1,0.0007462686567164179,
36.50_-85.50,36.5,-85.5,1,0.0007462686567164179,
36.50_-85.25,36.5,-85.25,1,0.0007462686567164179,
36.50_-85.00,36.5,-85.0,1,0.0007462686567164179,
36.50_-84.75,36.5,-84.75,1,0.0007462686567164179,
36.50_-84.50,36.5,-84.5,1,0.0007462686567164179,
36.50_-84.25,36.5,-84.25,1,0.0007462686567164179,
36.50_-84.00,36.5,-84.0,1,0.0007462686567164179,
36.50_-83.75,36.5,-83.75,1,0.0007462686567164179,
36.50_-83.50,36.5,-83.5,1,0.0007462686567164179,
36.50_-83.25,36.5,-83.25,1,0.0007462686567164179,
36.50_-83.00,36.5,-83.0,1,0.0007462686567164179,
36.50_-82.75,36.5,-82.75,1,0.0007462686567164179,
36.50_-82.50,36.5,-82.5,1,0.0007462686567164179,
36.50_-82.25,36.5,-82.25,1,0.0007462686567164179,
36.50_-82.00,36.5,-82.0,1,0.0007462686567164179,
36.50_-81.75,36.5,-81.75,1,0.0007462686567164179,
36.50_-81.50,36.5,-81.5,1,0.0007462686567164179,
36.50_-81.25,36.5,-81.25,1,0.0007462686567164179,
36.50_-81.00,36.5,-81.0,1,0.0007462686567164179,
36.50_-80.75,36.5,-80.75,1,0.0007462686567164179,
36.50_-80.50,36.5,-80.5,1,0.0007462686567164179,
36.50_-80.25,36.5,-80.25,1,0.0007462686567164179,
36.50_-80.00,36.5,-80.0,1,0.0007462686567164179,
36.50_-79.75,36.5,-79.75,1,0.0007462686567164179,
36.50_-79.50,36.5,-79.5,1,0.0007462686567164179,
36.50_-79.25,36.5,-79.25,1,0.0007462686567164179,
36.50_-79.00,36.5,-79.0,1,0.0007462686567164179,
36.50_-78.75,36.5,-78.75,1,0.0007462686567164179,
36.50_-78.50,36.5,-78.5,1,0.0007462686567164179,
36.50_-78.25,36.5,-78.25,1,0.0007462686567164179,
36.50_-78.00,36.5,-78.0,1,0.0007462686567164179,
36.50_-77.75,36.5,-77.75,1,0.0007462686567164179,
36.50_-77.50,36.5,-77.5,1,0.0007462686567164179,
36.50_-77.25,36.5,-77.25,1,0.0007462686567164179,
36.50_-77.00,36.5,-77.0,1,0.0007462686567164179,
36.50_-76.75,36.5,-76.75,1,0.0007462686567164179,
36.50_-76.50,36.5,-76.5,1,0.0007462686567164179,
36.50_-76.25,36.5,-76.25,1,0.0007462686567164179,
36.50_-76.00,36.5,-76.0,1,0.0007462686567164179,
36.25_-89.50,36.25,-89.5,1,0.0007462686567164179,
36.25_-89.25,36.25,-89.25,1,0.0007462686567164179,
36.25_-89.00,36.25,-89.0,1,0.0007462686567164179,
36.25_-88.75,36.25,-88.75,1,0.0007462686567164179,
36.25_-88.50,36.25,-88.5,1,0.0007462686567164179,
36.25_-88.25,36.25,-88.25,1,0.0007462686567164179,
36.25_-88.00,36.25,-88.0,1,0.0007462686567164179,
36.25_-87.75,36.25,-87.75,1,0.0007462686567164179,
36.25_-87.50,36.25,-87.5,1,0.0007462686567164179,
36.25_-87.25,36.25,-87.25,1,0.0007462686567164179,
36.25_-87.00,36.25,-87.0,1,0.0007462686567164179,
36.25_-86.75,36.25,-86.75,1,0.0007462686567164179,
36.25_-86.50,36.25,-86.5,1,0.0007462686567164179,
36.25_-86.25,36.25,-86.25,1,0.0007462686567164179,
36.25_-86.00,36.25,-86.0,1,0.0007462686567164179,
36.25_-85.75,36.25,-85.75,1,0.0007462686567164179,
36.25_-85.50,36.25,-85.5,1,0.0007462686567164179,
36.25_-85.25,36.25,-85.25,1,0.0007462686567164179,
36.25_-85.00,36.25,-85.0,1,0.0007462686567164179,
36.25_-84.75,36.25,-84.75,1,0.0007462686567164179,
36.25_-84.50,36.25,-84.5,1,0.0007462686567164179,
36.25_-84.25,36.25,-84.25,1,0.0007462686567164179,
36.25_-84.00,36.25,-84.0,1,0.0007462686567164179,
36.25_-83.75,36.25,-83.75,1,0.0007462686567164179,
36.25_-83.50,36.25,-83.5,1,0.0007462686567164179,
36.25_-83.25,36.25,-83.25,1,0.0007462686567164179,
36.25_-83.00,36.25,-83.0,1,0.0007462686567164179,
36.25_-82.75,36.25,-82.75,1,0.0007462686567164179,
36.25_-82.50,36.25,-82.5,1,0.0007462686567164179,
36.25_-82.25,36.25,-82.25,1,0.0007462686567164179,
36.25_-82.00,36.25,-82.0,1,0.0007462686567164179,
36.25_-81.75,36.25,-81.75,1,0.0007462686567164179,
36.25_-81.50,36.25,-81.5,1,0.0007462686567164179,
36.25_-81.25,36.25,-81.25,1,0.0007462686567164179,
36.25_-81.00,36.25,-81.0,1,0.0007462686567164179,
36.25_-80.75,36.25,-80.75,1,0.0007462686567164179,
36.25_-80.50,36.25,-80.5,1,0.0007462686567164179,
36.25_-80.25,36.25,-80.25,1,0.0007462686567164179,
36.25_-80.00,36.25,-80.0,1,0.0007462686567164179,
36.25_-79.75,36.25,-79.75,1,0.0007462686567164179,
36.25_-79.50,36.25,-79.5,1,0.0007462686567164179,
36.25_-79.25,36.25,-79.25,1,0.0007462686567164179,
36.25_-79.00,36.25,-79.0,1,0.0007462686567164179,
36.25_-78.75,36.25,-78.75,1,0.0007462686567164179,
36.25_-78.50,36.25,-78.5,1,0.0007462686567164179,
36.25_-78.25,36.25,-78.25,1,0.0007462686567164179,
36.25_-78.00,36.25,-78.0,1,0.0007462686567164179,
36.25_-77.75,36.25,-77.75,1,0.0007462686567164179,
36.25_-77.50,36.25,-77.5,1,0.0007462686567164179,
36.25_-77.25,36.25,-77.25,1,0.0007462686567164179,
36.25_-77.00,36.25,-77.0,1,0.0007462686567164179,
36.25_-76.75,36.25,-76.75,1,0.0007462686567164179,
36.25_-76.50,36.25,-76.5,1,0.0007462686567164179,
36.25_-76.25,36.25,-76.25,1,0.0007462686567164179,
36.25_-76.00,36.25,-76.0,1,0.0007462686567164179,
36.00_-89.50,36.0,-89.5,1,0.0007462686567164179,
36.00_-89.25,36.0,-89.25,1,0.0007462686567164179,
36.00_-89.00,36.0,-89.0,1,0.0007462686567164179,
36.00_-88.75,36.0,-88.75,1,0.0007462686567164179,
36.00_-88.50,36.0,-88.5,1,0.0007462686567164179,
36.00_-88.25,36.0,-88.25,1,0.0007462686567164179,
36.00_-88.00,36.0,-88.0,1,0.0007462686567164179,
36.00_-87.75,36.0,-87.75,1,0.0007462686567164179,
36.00_-87.50,36.0,-87.5,1,0.0007462686567164179,
36.00_-87.25,36.0,-87.25,1,0.0007462686567164179,
36.00_-87.00,36.0,-87.0,1,0.0007462686567164179,
36.00_-86.75,36.0,-86.75,1,0.0007462686567164179,
36.00_-86.50,36.0,-86.5,1,0.0007462686567164179,
36.00_-86.25,36.0,-86.25,1,0.0007462686567164179,
36.00_-86.00,36.0,-86.0,1,0.0007462686567164179,
36.00_-85.75,36.0,-85.75,1,0.0007462686567164179,
36.00_-85.50,36.0,-85.5,1,0.0007462686567164179,
36.00_-85.25,36.0,-85.25,1,0.0007462686567164179,
36.00_-85.00,36.0,-85.0,1,0.0007462686567164179,
36.00_-84.75,36.0,-84.75,1,0.0007462686567164179,
36.00_-84.50,36.0,-84.5,1,0.0007462686567164179,
36.00_-84.25,36.0,-84.25,1,0.0007462686567164179,
36.00_-84.00,36.0,-84.0,1,0.0007462686567164179,
36.00_-83.75,36.0,-83.75,1,0.0007462686567164179,
36.00_-83.50,36.0,-83.5,1,0.0007462686567164179,
36.00_-83.25,36.0,-83.25,1,0.0007462686567164179,
36.00_-83.00,36.0,-83.0,1,0.0007462686567164179,
36.00_-82.75,36.0,-82.75,1,0.0007462686567164179,
36.00_-82.50,36.0,-82.5,1,0.0007462686567164179,
36.00_-82.25,36.0,-82.25,1,0.0007462686567164179,
36.00_-82.00,36.0,-82.0,1,0.0007462686567164179,
36.00_-81.75,36.0,-81.75,1,0.0007462686567164179,
36.00_-81.50,36.0,-81.5,1,0.0007462686567164179,
36.00_-81.25,36.0,-81.25,1,0.0007462686567164179,
36.00_-81.00,36.0,-81.0,1,0.0007462686567164179,
36.00_-80.75,36.0,-80.75,1,0.0007462686567164179,
36.00_-80.50,36.0,-80.5,1,0.0007462686567164179,
36.00_-80.25,36.0,-80.25,1,0.0007462686567164179,
36.00_-80.00,36.0,-80.0,1,0.0007462686567164179,
36.00_-79.75,36.0,-79.75,1,0.0007462686567164179,
36.00_-79.50,36.0,-79.5,1,0.0007462686567164179,
36.00_-79.25,36.0,-79.25,1,0.0007462686567164179,
36.00_-79.00,36.0,-79.0,1,0.0007462686567164179,
36.00_-78.75,36.0,-78.75,1,0.0007462686567164179,
36.00_-78.50,36.0,-78.5,1,0.0007462686567164179,
36.00_-78.25,36.0,-78.25,1,0.0007462686567164179,
36.00_-78.00,36.0,-78.0,1,0.0007462686567164179,
36.00_-77.75,36.0,-77.75,1,0.0007462686567164179,
36.00_-77.50,36.0,-77.5,1,0.0007462686567164179,
36.00_-77.25,36.0,-77.25,1,0.0007462686567164179,
36.00_-77.00,36.0,-77.0,1,0.0007462686567164179,
36.00_-76.75,36.0,-76.75,1,0.0007462686567164179,
36.00_-76.50,36.0,-76.5,1,0.0007462686567164179,
36.00_-76.25,36.0,-76.25,1,0.0007462686567164179,
36.00_-76.00,36.0,-76.0,1,0.0007462686567164179,
36.00_-75.75,36.0,-75.75,1,0.0007462686567164179,
35.75_-89.75,35.75,-89.75,1,0.0007462686567164179,
35.75_-89.50,35.75,-89.5,1,0.0007462686567164179,
35.75_-89.25,35.75,-89.25,1,0.0007462686567164179,
35.75_-89.00,35.75,-89.0,1,0.0007462686567164179,
35.75_-88.75,35.75,-88.75,1,0.0007462686567164179,
35.75_-88.50,35.75,-88.5,1,0.0007462686567164179,
35.75_-88.25,35.75,-88.25,1,0.0007462686567164179,
35.75_-88.00,35.75,-88.0,1,0.0007462686567164179,
35.75_-87.75,35.75,-87.75,1,0.0007462686567164179,
35.75_-87.50,35.75,-87.5,1,0.0007462686567164179,
35.75_-87.25,35.75,-87.25,1,0.0007462686567164179,
35.75_-87.00,35.75,-87.0,1,0.0007462686567164179,
35.75_-86.75,35.75,-86.75,1,0.0007462686567164179,
35.75_-86.50,35.75,-86.5,1,0.0007462686567164179,
35.75_-86.25,35.75,-86.25,1,0.0007462686567164179,
35.75_-86.00,35.75,-86.0,1,0.0007462686567164179,
35.75_-85.75,35.75,-85.75,1,0.0007462686567164179,
35.75_-85.50,35.75,-85.5,1,0.0007462686567164179,
35.75_-85.25,35.75,-85.25,1,0.0007462686567164179,
35.75_-85.00,35.75,-85.0,1,0.0007462686567164179,
35.75_-84.75,35.75,-84.75,1,0.0007462686567164179,
35.75_-84.50,35.75,-84.5,1,0.0007462686567164179,
35.75_-84.25,35.75,-84.25,1,0.0007462686567164179,
35.75_-84.00,35.75,-84.0,1,0.0007462686567164179,
35.75_-83.75,35.75,-83.75,1,0.0007462686567164179,
35.75_-83.50,35.75,-83.5,1,0.0007462686567164179,
35.75_-83.25,35.75,-83.25,1,0.0007462686567164179,
35.75_-83.00,35.75,-83.0,1,0.0007462686567164179,
35.75_-82.75,35.75,-82.75,1,0.0007462686567164179,
35.75_-82.50,35.75,-82.5,1,0.0007462686567164179,
35.75_-82.25,35.75,-82.25,1,0.0007462686567164179,
35.75_-82.00,35.75,-82.0,1,0.0007462686567164179,
35.75_-81.75,35.75,-81.75,1,0.0007462686567164179,
35.75_-81.50,35.75,-81.5,1,0.0007462686567164179,
35.75_-81.25,35.75,-81.25,1,0.0007462686567164179,
35.75_-81.00,35.75,-81.0,1,0.0007462686567164179,
35.75_-80.75,35.75,-80.75,1,0.0007462686567164179,
35.75_-80.50,35.75,-80.5,1,0.0007462686567164179,
35.75_-80.25,35.75,-80.25,1,0.0007462686567164179,
35.75_-80.00,35.75,-80.0,1,0.0007462686567164179,
35.75_-79.75,35.75,-79.75,1,0.0007462686567164179,
35.75_-79.50,35.75,-79.5,1,0.0007462686567164179,
35.75_-79.25,35.75,-79.25,1,0.0007462686567164179,
35.75_-79.00,35.75,-79.0,1,0.0007462686567164179,
35.75_-78.75,35.75,-78.75,1,0.0007462686567164179,
35.75_-78.50,35.75,-78.5,1,0.0007462686567164179,
35.75_-78.25,35.75,-78.25,1,0.0007462686567164179,
35.75_-78.00,35.75,-78.0,1,0.0007462686567164179,
35.75_-77.75,35.75,-77.75,1,0.0007462686567164179,
35.75_-77.50,35.75,-77.5,1,0.0007462686567164179,
35.75_-77.25,35.75,-77.25,1,0.0007462686567164179,
35.75_-77.00,35.75,-77.0,1,0.0007462686567164179,
35.75_-76.75,35.75,-76.75,1,0.0007462686567164179,
35.75_-76.50,35.75,-76.5,1,0.0007462686567164179,
35.75_-76.25,35.75,-76.25,1,0.0007462686567164179,
35.75_-76.00,35.75,-76.0,1,0.0007462686567164179,
35.75_-75.75,35.75,-75.75,1,0.0007462686567164179,
35.50_-90.00,35.5,-90.0,1,0.0007462686567164179,
35.50_-89.75,35.5,-89.75,1,0.0007462686567164179,
35.50_-89.50,35.5,-89.5,1,0.0007462686567164179,
35.50_-89.25,35.5,-89.25,1,0.0007462686567164179,
35.50_-89.00,35.5,-89.0,1,0.0007462686567164179,
35.50_-88.75,35.5,-88.75,1,0.0007462686567164179,
35.50_-88.50,35.5,-88.5,1,0.0007462686567164179,
35.50_-88.25,35.5,-88.25,1,0.0007462686567164179,
35.50_-88.00,35.5,-88.0,1,0.0007462686567164179,
35.50_-87.75,35.5,-87.75,1,0.0007462686567164179,
35.50_-87.50,35.5,-87.5,1,0.0007462686567164179,
35.50_-87.25,35.5,-87.25,1,0.0007462686567164179,
35.50_-87.00,35.5,-87.0,1,0.0007462686567164179,
35.50_-86.75,35.5,-86.75,1,0.0007462686567164179,
35.50_-86.50,35.5,-86.5,1,0.0007462686567164179,
35.50_-86.25,35.5,-86.25,1,0.0007462686567164179,
35.50_-86.00,35.5,-86.0,1,0.0007462686567164179,
35.50_-85.75,35.5,-85.75,1,0.0007462686567164179,
35.50_-85.50,35.5,-85.5,1,0.0007462686567164179,
35.50_-85.25,35.5,-85.25,1,0.0007462686567164179,
35.50_-85.00,35.5,-85.0,1,0.0007462686567164179,
35.50_-84.75,35.5,-84.75,1,0.0007462686567164179,
35.50_-84.50,35.5,-84.5,1,0.0007462686567164179,
35.50_-84.25,35.5,-84.25,1,0.0007462686567164179,
35.50_-84.00,35.5,-84.0,1,0.0007462686567164179,
35.50_-83.75,35.5,-83.75,1,0.0007462686567164179,
35.50_-83.50,35.5,-83.5,1,0.0007462686567164179,
35.50_-83.25,35.5,-83.25,1,0.0007462686567164179,
35.50_-83.00,35.5,-83.0,1,0.0007462686567164179,
35.50_-82.75,35.5,-82.75,1,0.0007462686567164179,
35.50_-82.50,35.5,-82.5,1,0.0007462686567164179,
35.50_-82.25,35.5,-82.25,1,0.0007462686567164179,
35.50_-82.00,35.5,-82.0,1,0.0007462686567164179,
35.50_-81.75,35.5,-81.75,1,0.0007462686567164179,
35.50_-81.50,35.5,-81.5,1,0.0007462686567164179,
35.50_-81.25,35.5,-81.25,1,0.0007462686567164179,
35.50_-81.00,35.5,-81.0,1,0.0007462686567164179,
35.50_-80.75,35.5,-80.75,1,0.0007462686567164179,
35.50_-80.50,35.5,-80.5,1,0.0007462686567164179,
35.50_-80.25,35.5,-80.25,1,0.0007462686567164179,
35.50_-80.00,35.5,-80.0,1,0.0007462686567164179,
35.50_-79.75,35.5,-79.75,1,0.0007462686567164179,
35.50_-79.50,35.5,-79.5,1,0.0007462686567164179,
35.50_-79.25,35.5,-79.25,1,0.0007462686567164179,
35.50_-79.00,35.5,-79.0,1,0.0007462686567164179,
35.50_-78.75,35.5,-78.75,1,0.0007462686567164179,
35.50_-78.50,35.5,-78.5,1,0.0007462686567164179,
35.50_-78.25,35.5,-78.25,1,0.0007462686567164179,
35.50_-78.00,35.5,-78.0,1,0.0007462686567164179,
35.50_-77.75,35.5,-77.75,1,0.0007462686567164179,
35.50_-77.50,35.5,-77.5,1,0.0007462686567164179,
35.50_-77.25,35.5,-77.25,1,0.0007462686567164179,
35.50_-77.00,35.5,-77.0,1,0.0007462686567164179,
35.50_-76.75,35.5,-76.75,1,0.0007462686567164179,
35.50_-76.50,35.5,-76.5,1,0.0007462686567164179,
35.50_-76.25,35.5,-76.25,1,0.0007462686567164179,
35.50_-76.00,35.5,-76.0,1,0.0007462686567164179,
35.50_-75.75,35.5,-75.75,1,0.0007462686567164179,
35.50_-75.50,35.5,-75.5,1,0.0007462686567164179,
35.25_-90.00,35.25,-90.0,1,0.0007462686567164179,
35.25_-89.75,35.25,-89.75,1,0.0007462686567164179,
35.25_-89.50,35.25,-89.5,1,0.0007462686567164179,
35.25_-89.25,35.25,-89.25,1,0.0007462686567164179,
35.25_-89.00,35.25,-89.0,1,0.0007462686567164179,
35.25_-88.75,35.25,-88.75,1,0.0007462686567164179,
35.25_-88.50,35.25,-88.5,1,0.0007462686567164179,
35.25_-88.25,35.25,-88.25,1,0.0007462686567164179,
35.25_-88.00,35.25,-88.0,1,0.0007462686567164179,
35.25_-87.75,35.25,-87.75,1,0.0007462686567164179,
35.25_-87.50,35.25,-87.5,1,0.0007462686567164179,
35.25_-87.25,35.25,-87.25,1,0.0007462686567164179,
35.25_-87.00,35.25,-87.0,1,0.0007462686567164179,
35.25_-86.75,35.25,-86.75,1,0.0007462686567164179,
35.25_-86.50,35.25,-86.5,1,0.0007462686567164179,
35.25_-86.25,35.25,-86.25,1,0.0007462686567164179,
35.25_-86.00,35.25,-86.0,1,0.0007462686567164179,
35.25_-85.75,35.25,-85.75,1,0.0007462686567164179,
35.25_-85.50,35.25,-85.5,1,0.0007462686567164179,
35.25_-85.25,35.25,-85.25,1,0.0007462686567164179,
35.25_-85.00,35.25,-85.0,1,0.0007462686567164179,
35.25_-84.75,35.25,-84.75,1,0.0007462686567164179,
35.25_-84.50,35.25,-84.5,1,0.0007462686567164179,
35.25_-84.25,35.25,-84.25,1,0.0007462686567164179,
35.25_-84.00,35.25,-84.0,1,0.0007462686567164179,
35.25_-83.75,35.25,-83.75,1,0.0007462686567164179,
35.25_-83.50,35.25,-83.5,1,0.0007462686567164179,
35.25_-83.25,35.25,-83.25,1,0.0007462686567164179,
35.25_-83.00,35.25,-83.0,1,0.0007462686567164179,
35.25_-82.75,35.25,-82.75,1,0.0007462686567164179,
35.25_-82.50,35.25,-82.5,1,0.0007462686567164179,
35.25_-82.25,35.25,-82.25,1,0.0007462686567164179,
35.25_-82.00,35.25,-82.0,1,0.0007462686567164179,
35.25_-81.75,35.25,-81.75,1,0.0007462686567164179,
35.25_-81.50,35.25,-81.5,1,0.0007462686567164179,
35.25_-81.25,35.25,-81.25,1,0.0007462686567164179,
35.25_-81.00,35.25,-81.0,1,0.0007462686567164179,
35.25_-80.75,35.25,-80.75,1,0.0007462686567164179,
35.25_-80.50,35.25,-80.5,1,0.0007462686567164179,
35.25_-80.25,35.25,-80.25,1,0.0007462686567164179,
35.25_-80.00,35.25,-80.0,1,0.0007462686567164179,
35.25_-79.75,35.25,-79.75,1,0.0007462686567164179,
35.25_-79.50,35.25,-79.5,1,0.0007462686567164179,
35.25_-79.25,35.25,-79.25,1,0.0007462686567164179,
35.25_-79.00,35.25,-79.0,1,0.0007462686567164179,
35.25_-78.75,35.25,-78.75,1,0.0007462686567164179,
35.25_-78.50,35.25,-78.5,1,0.0007462686567164179,
35.25_-78.25,35.25,-78.25,1,0.0007462686567164179,
35.25_-78.00,35.25,-78.0,1,0.0007462686567164179,
35.25_-77.75,35.25,-77.75,1,0.0007462686567164179,
35.25_-77.50,35.25,-77.5,1,0.0007462686567164179,
35.25_-77.25,35.25,-77.25,1,0.0007462686567164179,
35.25_-77.00,35.25,-77.0,1,0.0007462686567164179,
35.25_-76.75,35.25,-76.75,1,0.0007462686567164179,
35.25_-76.50,35.25,-76.5,1,0.0007462686567164179,
35.25_-76.25,35.25,-76.25,1,0.0007462686567164179,
35.25_-76.00,35.25,-76.0,1,0.0007462686567164179,
35.25_-75.75,35.25,-75.75,1,0.0007462686567164179,
35.00_-90.25,35.0,-90.25,1,0.0007462686567164179,
35.00_-90.00,35.0,-90.0,1,0.0007462686567164179,
35.00_-89.75,35.0,-89.75,1,0.0007462686567164179,
35.00_-89.50,35.0,-89.5,1,0.0007462686567164179,
35.00_-89.25,35.0,-89.25,1,0.0007462686567164179,
35.00_-89.00,35.0,-89.0,1,0.0007462686567164179,
35.00_-88.75,35.0,-88.75,1,0.0007462686567164179,
35.00_-88.50,35.0,-88.5,1,0.0007462686567164179,
35.00_-88.25,35.0,-88.25,1,0.0007462686567164179,
35.00_-87.25,35.0,-87.25,1,0.0007462686567164179,
35.00_-87.00,35.0,-87.0,1,0.0007462686567164179,
35.00_-86.75,35.0,-86.75,1,0.0007462686567164179,
35.00_-86.50,35.0,-86.5,1,0.0007462686567164179,
35.00_-86.25,35.0,-86.25,1,0.0007462686567164179,
35.00_-86.00,35.0,-86.0,1,0.0007462686567164179,
35.00_-85.75,35.0,-85.75,1,0.0007462686567164179,
35.00_-85.50,35.0,-85.5,1,0.0007462686567164179,
35.00_-85.25,35.0,-85.25,1,0.0007462686567164179,
35.00_-85.00,35.0,-85.0,1,0.0007462686567164179,
35.00_-84.75,35.0,-84.75,1,0.0007462686567164179,
35.00_-84.50,35.0,-84.5,1,0.0007462686567164179,
35.00_-84.25,35.0,-84.25,1,0.0007462686567164179,
35.00_-84.00,35.0,-84.0,1,0.0007462686567164179,
35.00_-83.75,35.0,-83.75,1,0.0007462686567164179,
35.00_-83.50,35.0,-83.5,1,0.0007462686567164179,
35.00_-83.25,35.0,-83.25,1,0.0007462686567164179,
35.00_-80.75,35.0,-80.75,1,0.0007462686567164179,
35.00_-80.50,35.0,-80.5,1,0.0007462686567164179,
35.00_-80.25,35.0,-80.25,1,0.0007462686567164179,
35.00_-80.00,35.0,-80.0,1,0.0007462686567164179,
35.00_-79.75,35.0,-79.75,1,0.0007462686567164179,
35.00_-79.50,35.0,-79.5,1,0.0007462686567164179,
35.00_-79.25,35.0,-79.25,1,0.0007462686567164179,
35.00_-79.00,35.0,-79.0,1,0.0007462686567164179,
35.00_-78.75,35.0,-78.75,1,0.0007462686567164179,
35.00_-78.50,35.0,-78.5,1,0.0007462686567164179,
35.00_-78.25,35.0,-78.25,1,0.0007462686567164179,
35.00_-78.00,35.0,-78.0,1,0.0007462686567164179,
35.00_-77.75,35.0,-77.75,1,0.0007462686567164179,
35.00_-77.50,35.0,-77.5,1,0.0007462686567164179,
35.00_-77.25,35.0,-77.25,1,0.0007462686567164179,
35.00_-77.00,35.0,-77.0,1,0.0007462686567164179,
35.00_-76.75,35.0,-76.75,1,0.0007462686567164179,
35.00_-76.50,35.0,-76.5,1,0.0007462686567164179,
35.00_-76.25,35.0,-76.25,1,0.0007462686567164179,
34.75_-79.50,34.75,-79.5,1,0.0007462686567164179,
34.75_-79.25,34.75,-79.25,1,0.0007462686567164179,
34.75_-79.00,34.75,-79.0,1,0.0007462686567164179,
34.75_-78.75,34.75,-78.75,1,0.0007462686567164179,
34.75_-78.50,34.75,-78.5,1,0.0007462686567164179,
34.75_-78.25,34.75,-78.25,1,0.0007462686567164179,
34.75_-78.00,34.75,-78.0,1,0.0007462686567164179,
34.75_-77.75,34.75,-77.75,1,0.0007462686567164179,
34.75_-77.50,34.75,-77.5,1,0.0007462686567164179,
34.75_-77.25,34.75,-77.25,1,0.0007462686567164179,
34.75_-77.00,34.75,-77.0,1,0.0007462686567164179,
34.75_-76.75,34.75,-76.75,1,0.0007462686567164179,
34.75_-76.50,34.75,-76.5,1,0.0007462686567164179,
34.50_-79.25,34.5,-79.25,1,0.0007462686567164179,
34.50_-79.00,34.5,-79.0,1,0.0007462686567164179,
34.50_-78.75,34.5,-78.75,1,0.0007462686567164179,
34.50_-78.50,34.5,-78.5,1,0.0007462686567164179,
34.50_-78.25,34.5,-78.25,1,0.0007462686567164179,
34.50_-78.00,34.5,-78.0,1,0.0007462686567164179,
34.50_-77.75,34.5,-77.75,1,0.0007462686567164179,
34.50_-77.50,34.5,-77.5,1,0.0007462686567164179,
34.25_-79.00,34.25,-79.0,1,0.0007462686567164179,
34.25_-78.75,34.25,-78.75,1,0.0007462686567164179,
34.25_-78.50,34.25,-78.5,1,0.0007462686567164179,
34.25_-78.25,34.25,-78.25,1,0.0007462686567164179,
34.25_-78.00,34.25,-78.0,1,0.0007462686567164179,
34.00_-78.50,34.0,-78.5,1,0.0007462686567164179,
34.00_-78.25,34.0,-78.25,1,0.0007462686567164179,
34.00_-78.00,34.0,-78.0,1,0.0007462686567164179,
