exp_id,status,git_commit,dataset_version,dataset_sha256,features,feature_schema_hash,origin_set_hash,model,horizon,seed,config_snapshot,python_version,packages,cuda,checkpoint,checkpoint_sha256,predictions,metrics,runtime_s,smoke,notes
Q1_persistence_H1_Sdet,COMPLETED,b51de1e,v2,fb261563977bd9c096b96a5402914e1b511cd880b34293e0aad9bf421b6db486,Q1_V2_LAG1_001,ed0f6f5fb4df31566fb3b866c14810f7970a1865c8a0ee0b63b7c6b02a85705e,573de597b4ac4a4f7f2db79ff57045a0308ec38e013a329f16ae8017b19fe2ce,persistence,1,det,configs/pjm_data_v2.yaml;configs/experiment.yaml;configs/models.yaml,"3.11.9 (tags/v3.11.9:de54cf5, Apr  2 2024, 10:12:12) [MSC v.1938 64 bit (AMD64)]","{""numpy"": ""2.4.6"", ""pandas"": ""3.0.5"", ""sklearn"": ""1.9.1"", ""torch"": ""2.14.0+cpu"", ""xgboost"": ""3.2.0"", ""lightgbm"": ""4.7.0""}","{""torch"": ""2.14.0+cpu"", ""cuda_available"": ""False"", ""cuda_version"": ""None"", ""device_count"": ""0""}",,,results\q1_full_retry\predictions\Q1_persistence_H1_Sdet.csv,"{""MAE"": 5039.314452979516, ""RMSE"": 6285.299821146965, ""MAPE"": 0.026672208351599173, ""sMAPE"": 0.026661500115434025, ""R2"": 0.9662045404907723, ""MASE"": 0.3323412522855795}",45.682,False,Q1 headline experiment Q1_persistence_H1_Sdet protocol Q1_v2_LAG1_001; train<2024-01-01 val< 2025-01-01 test<2026-01-01; scored on authoritative common origins; models NOT ranked.
Q1_persistence_H6_Sdet,COMPLETED,b51de1e,v2,fb261563977bd9c096b96a5402914e1b511cd880b34293e0aad9bf421b6db486,Q1_V2_LAG1_001,ed0f6f5fb4df31566fb3b866c14810f7970a1865c8a0ee0b63b7c6b02a85705e,573de597b4ac4a4f7f2db79ff57045a0308ec38e013a329f16ae8017b19fe2ce,persistence,6,det,configs/pjm_data_v2.yaml;configs/experiment.yaml;configs/models.yaml,"3.11.9 (tags/v3.11.9:de54cf5, Apr  2 2024, 10:12:12) [MSC v.1938 64 bit (AMD64)]","{""numpy"": ""2.4.6"", ""pandas"": ""3.0.5"", ""sklearn"": ""1.9.1"", ""torch"": ""2.14.0+cpu"", ""xgboost"": ""3.2.0"", ""lightgbm"": ""4.7.0""}","{""torch"": ""2.14.0+cpu"", ""cuda_available"": ""False"", ""cuda_version"": ""None"", ""device_count"": ""0""}",,,results\q1_full_retry\predictions\Q1_persistence_H6_Sdet.csv,"{""MAE"": 24152.526793758007, ""RMSE"": 30004.706785512084, ""MAPE"": 0.12947559394311198, ""sMAPE"": 0.1271106802208304, ""R2"": 0.2295214446778161, ""MASE"": 1.5928517808116975}",45.866,False,Q1 headline experiment Q1_persistence_H6_Sdet protocol Q1_v2_LAG1_001; train<2024-01-01 val< 2025-01-01 test<2026-01-01; scored on authoritative common origins; models NOT ranked.
Q1_persistence_H24_Sdet,COMPLETED,b51de1e,v2,fb261563977bd9c096b96a5402914e1b511cd880b34293e0aad9bf421b6db486,Q1_V2_LAG1_001,ed0f6f5fb4df31566fb3b866c14810f7970a1865c8a0ee0b63b7c6b02a85705e,573de597b4ac4a4f7f2db79ff57045a0308ec38e013a329f16ae8017b19fe2ce,persistence,24,det,configs/pjm_data_v2.yaml;configs/experiment.yaml;configs/models.yaml,"3.11.9 (tags/v3.11.9:de54cf5, Apr  2 2024, 10:12:12) [MSC v.1938 64 bit (AMD64)]","{""numpy"": ""2.4.6"", ""pandas"": ""3.0.5"", ""sklearn"": ""1.9.1"", ""torch"": ""2.14.0+cpu"", ""xgboost"": ""3.2.0"", ""lightgbm"": ""4.7.0""}","{""torch"": ""2.14.0+cpu"", ""cuda_available"": ""False"", ""cuda_version"": ""None"", ""device_count"": ""0""}",,,results\q1_full_retry\predictions\Q1_persistence_H24_Sdet.csv,"{""MAE"": 10037.537919477185, ""RMSE"": 13297.182562258444, ""MAPE"": 0.052590385003045095, ""sMAPE"": 0.05258045067690559, ""R2"": 0.8485454088633138, ""MASE"": 0.6619725665364422}",45.847,False,Q1 headline experiment Q1_persistence_H24_Sdet protocol Q1_v2_LAG1_001; train<2024-01-01 val< 2025-01-01 test<2026-01-01; scored on authoritative common origins; models NOT ranked.
Q1_seasonal_persistence_H1_Sdet,COMPLETED,b51de1e,v2,fb261563977bd9c096b96a5402914e1b511cd880b34293e0aad9bf421b6db486,Q1_V2_LAG1_001,ed0f6f5fb4df31566fb3b866c14810f7970a1865c8a0ee0b63b7c6b02a85705e,573de597b4ac4a4f7f2db79ff57045a0308ec38e013a329f16ae8017b19fe2ce,seasonal_persistence,1,det,configs/pjm_data_v2.yaml;configs/experiment.yaml;configs/models.yaml,"3.11.9 (tags/v3.11.9:de54cf5, Apr  2 2024, 10:12:12) [MSC v.1938 64 bit (AMD64)]","{""numpy"": ""2.4.6"", ""pandas"": ""3.0.5"", ""sklearn"": ""1.9.1"", ""torch"": ""2.14.0+cpu"", ""xgboost"": ""3.2.0"", ""lightgbm"": ""4.7.0""}","{""torch"": ""2.14.0+cpu"", ""cuda_available"": ""False"", ""cuda_version"": ""None"", ""device_count"": ""0""}",,,results\q1_full_retry\predictions\Q1_seasonal_persistence_H1_Sdet.csv,"{""MAE"": 16588.727362430167, ""RMSE"": 22893.239862920032, ""MAPE"": 0.08533334076185796, ""sMAPE"": 0.08415338008757685, ""R2"": 0.5516461797251886, ""MASE"": 1.094021513619664}",46.363,False,Q1 headline experiment Q1_seasonal_persistence_H1_Sdet protocol Q1_v2_LAG1_001; train<2024-01-01 val< 2025-01-01 test<2026-01-01; scored on authoritative common origins; models NOT ranked.
Q1_seasonal_persistence_H6_Sdet,COMPLETED,b51de1e,v2,fb261563977bd9c096b96a5402914e1b511cd880b34293e0aad9bf421b6db486,Q1_V2_LAG1_001,ed0f6f5fb4df31566fb3b866c14810f7970a1865c8a0ee0b63b7c6b02a85705e,573de597b4ac4a4f7f2db79ff57045a0308ec38e013a329f16ae8017b19fe2ce,seasonal_persistence,6,det,configs/pjm_data_v2.yaml;configs/experiment.yaml;configs/models.yaml,"3.11.9 (tags/v3.11.9:de54cf5, Apr  2 2024, 10:12:12) [MSC v.1938 64 bit (AMD64)]","{""numpy"": ""2.4.6"", ""pandas"": ""3.0.5"", ""sklearn"": ""1.9.1"", ""torch"": ""2.14.0+cpu"", ""xgboost"": ""3.2.0"", ""lightgbm"": ""4.7.0""}","{""torch"": ""2.14.0+cpu"", ""cuda_available"": ""False"", ""cuda_version"": ""None"", ""device_count"": ""0""}",,,results\q1_full_retry\predictions\Q1_seasonal_persistence_H6_Sdet.csv,"{""MAE"": 16563.724686153488, ""RMSE"": 22854.69111786133, ""MAPE"": 0.08523373279038092, ""sMAPE"": 0.0840311162323693, ""R2"": 0.5529742981680755, ""MASE"": 1.0923725947395633}",45.756,False,Q1 headline experiment Q1_seasonal_persistence_H6_Sdet protocol Q1_v2_LAG1_001; train<2024-01-01 val< 2025-01-01 test<2026-01-01; scored on authoritative common origins; models NOT ranked.
Q1_seasonal_persistence_H24_Sdet,COMPLETED,b51de1e,v2,fb261563977bd9c096b96a5402914e1b511cd880b34293e0aad9bf421b6db486,Q1_V2_LAG1_001,ed0f6f5fb4df31566fb3b866c14810f7970a1865c8a0ee0b63b7c6b02a85705e,573de597b4ac4a4f7f2db79ff57045a0308ec38e013a329f16ae8017b19fe2ce,seasonal_persistence,24,det,configs/pjm_data_v2.yaml;configs/experiment.yaml;configs/models.yaml,"3.11.9 (tags/v3.11.9:de54cf5, Apr  2 2024, 10:12:12) [MSC v.1938 64 bit (AMD64)]","{""numpy"": ""2.4.6"", ""pandas"": ""3.0.5"", ""sklearn"": ""1.9.1"", ""torch"": ""2.14.0+cpu"", ""xgboost"": ""3.2.0"", ""lightgbm"": ""4.7.0""}","{""torch"": ""2.14.0+cpu"", ""cuda_available"": ""False"", ""cuda_version"": ""None"", ""device_count"": ""0""}",,,results\q1_full_retry\predictions\Q1_seasonal_persistence_H24_Sdet.csv,"{""MAE"": 16474.22523421636, ""RMSE"": 22712.637192630977, ""MAPE"": 0.08486645644269167, ""sMAPE"": 0.08357712976972283, ""R2"": 0.5581261434000921, ""MASE"": 1.086470133162062}",78.458,False,Q1 headline experiment Q1_seasonal_persistence_H24_Sdet protocol Q1_v2_LAG1_001; train<2024-01-01 val< 2025-01-01 test<2026-01-01; scored on authoritative common origins; models NOT ranked.
Q1_sarima_H1_Sdet,COMPLETED,b51de1e,v2,fb261563977bd9c096b96a5402914e1b511cd880b34293e0aad9bf421b6db486,Q1_V2_LAG1_001,ed0f6f5fb4df31566fb3b866c14810f7970a1865c8a0ee0b63b7c6b02a85705e,573de597b4ac4a4f7f2db79ff57045a0308ec38e013a329f16ae8017b19fe2ce,sarima,1,det,configs/pjm_data_v2.yaml;configs/experiment.yaml;configs/models.yaml,"3.11.9 (tags/v3.11.9:de54cf5, Apr  2 2024, 10:12:12) [MSC v.1938 64 bit (AMD64)]","{""numpy"": ""2.4.6"", ""pandas"": ""3.0.5"", ""sklearn"": ""1.9.1"", ""torch"": ""2.14.0+cpu"", ""xgboost"": ""3.2.0"", ""lightgbm"": ""4.7.0""}","{""torch"": ""2.14.0+cpu"", ""cuda_available"": ""False"", ""cuda_version"": ""None"", ""device_count"": ""0""}",,,results\q1_full_retry\predictions\Q1_sarima_H1_Sdet.csv,"{""MAE"": 8721.19344495954, ""RMSE"": 11894.022858942559, ""MAPE"": 0.04505523431037586, ""sMAPE"": 0.044700159589798553, ""R2"": 0.8789781200270086, ""MASE"": 0.5751600496390817}",122.694,False,Q1 headline experiment Q1_sarima_H1_Sdet protocol Q1_v2_LAG1_001; train<2024-01-01 val< 2025-01-01 test<2026-01-01; scored on authoritative common origins; models NOT ranked.
Q1_sarima_H6_Sdet,COMPLETED,b51de1e,v2,fb261563977bd9c096b96a5402914e1b511cd880b34293e0aad9bf421b6db486,Q1_V2_LAG1_001,ed0f6f5fb4df31566fb3b866c14810f7970a1865c8a0ee0b63b7c6b02a85705e,573de597b4ac4a4f7f2db79ff57045a0308ec38e013a329f16ae8017b19fe2ce,sarima,6,det,configs/pjm_data_v2.yaml;configs/experiment.yaml;configs/models.yaml,"3.11.9 (tags/v3.11.9:de54cf5, Apr  2 2024, 10:12:12) [MSC v.1938 64 bit (AMD64)]","{""numpy"": ""2.4.6"", ""pandas"": ""3.0.5"", ""sklearn"": ""1.9.1"", ""torch"": ""2.14.0+cpu"", ""xgboost"": ""3.2.0"", ""lightgbm"": ""4.7.0""}","{""torch"": ""2.14.0+cpu"", ""cuda_available"": ""False"", ""cuda_version"": ""None"", ""device_count"": ""0""}",,,results\q1_full_retry\predictions\Q1_sarima_H6_Sdet.csv,"{""MAE"": 17118.91336634988, ""RMSE"": 23390.561020438967, ""MAPE"": 0.08841061238216918, ""sMAPE"": 0.08719762077916897, ""R2"": 0.5317658789964774, ""MASE"": 1.1289871189874308}",123.55,False,Q1 headline experiment Q1_sarima_H6_Sdet protocol Q1_v2_LAG1_001; train<2024-01-01 val< 2025-01-01 test<2026-01-01; scored on authoritative common origins; models NOT ranked.
Q1_sarima_H24_Sdet,COMPLETED,b51de1e,v2,fb261563977bd9c096b96a5402914e1b511cd880b34293e0aad9bf421b6db486,Q1_V2_LAG1_001,ed0f6f5fb4df31566fb3b866c14810f7970a1865c8a0ee0b63b7c6b02a85705e,573de597b4ac4a4f7f2db79ff57045a0308ec38e013a329f16ae8017b19fe2ce,sarima,24,det,configs/pjm_data_v2.yaml;configs/experiment.yaml;configs/models.yaml,"3.11.9 (tags/v3.11.9:de54cf5, Apr  2 2024, 10:12:12) [MSC v.1938 64 bit (AMD64)]","{""numpy"": ""2.4.6"", ""pandas"": ""3.0.5"", ""sklearn"": ""1.9.1"", ""torch"": ""2.14.0+cpu"", ""xgboost"": ""3.2.0"", ""lightgbm"": ""4.7.0""}","{""torch"": ""2.14.0+cpu"", ""cuda_available"": ""False"", ""cuda_version"": ""None"", ""device_count"": ""0""}",,,results\q1_full_retry\predictions\Q1_sarima_H24_Sdet.csv,"{""MAE"": 17087.837841172262, ""RMSE"": 23329.977993378965, ""MAPE"": 0.08834926298809752, ""sMAPE"": 0.08703666367478807, ""R2"": 0.5337789926766965, ""MASE"": 1.1269376975732035}",105.36,False,Q1 headline experiment Q1_sarima_H24_Sdet protocol Q1_v2_LAG1_001; train<2024-01-01 val< 2025-01-01 test<2026-01-01; scored on authoritative common origins; models NOT ranked.
Q1_xgboost_H1_S42,COMPLETED,b51de1e,v2,fb261563977bd9c096b96a5402914e1b511cd880b34293e0aad9bf421b6db486,Q1_V2_LAG1_001,ed0f6f5fb4df31566fb3b866c14810f7970a1865c8a0ee0b63b7c6b02a85705e,573de597b4ac4a4f7f2db79ff57045a0308ec38e013a329f16ae8017b19fe2ce,xgboost,1,42,configs/pjm_data_v2.yaml;configs/experiment.yaml;configs/models.yaml,"3.11.9 (tags/v3.11.9:de54cf5, Apr  2 2024, 10:12:12) [MSC v.1938 64 bit (AMD64)]","{""numpy"": ""2.4.6"", ""pandas"": ""3.0.5"", ""sklearn"": ""1.9.1"", ""torch"": ""2.14.0+cpu"", ""xgboost"": ""3.2.0"", ""lightgbm"": ""4.7.0""}","{""torch"": ""2.14.0+cpu"", ""cuda_available"": ""False"", ""cuda_version"": ""None"", ""device_count"": ""0""}",results\q1_full_retry\checkpoints\Q1_xgboost_H1_S42.pt,991d1209f6fe6e3dafb4caf7c8a67d449255fdf7e4f903622c919f671aa1c9cf,results\q1_full_retry\predictions\Q1_xgboost_H1_S42.csv,"{""MAE"": 2814.7075925570302, ""RMSE"": 4072.2178582912884, ""MAPE"": 0.014318865202195129, ""sMAPE"": 0.014408763000070783, ""R2"": 0.9858137252843897, ""MASE"": 0.18562910785911507}",60.346,False,Q1 headline experiment Q1_xgboost_H1_S42 protocol Q1_v2_LAG1_001; train<2024-01-01 val< 2025-01-01 test<2026-01-01; scored on authoritative common origins; models NOT ranked.
Q1_xgboost_H1_S123,COMPLETED,b51de1e,v2,fb261563977bd9c096b96a5402914e1b511cd880b34293e0aad9bf421b6db486,Q1_V2_LAG1_001,ed0f6f5fb4df31566fb3b866c14810f7970a1865c8a0ee0b63b7c6b02a85705e,573de597b4ac4a4f7f2db79ff57045a0308ec38e013a329f16ae8017b19fe2ce,xgboost,1,123,configs/pjm_data_v2.yaml;configs/experiment.yaml;configs/models.yaml,"3.11.9 (tags/v3.11.9:de54cf5, Apr  2 2024, 10:12:12) [MSC v.1938 64 bit (AMD64)]","{""numpy"": ""2.4.6"", ""pandas"": ""3.0.5"", ""sklearn"": ""1.9.1"", ""torch"": ""2.14.0+cpu"", ""xgboost"": ""3.2.0"", ""lightgbm"": ""4.7.0""}","{""torch"": ""2.14.0+cpu"", ""cuda_available"": ""False"", ""cuda_version"": ""None"", ""device_count"": ""0""}",results\q1_full_retry\checkpoints\Q1_xgboost_H1_S123.pt,16563faeb2b7a15e536b802975d15ccfad63bef037c9ebc5dc9735f1b1078337,results\q1_full_retry\predictions\Q1_xgboost_H1_S123.csv,"{""MAE"": 2732.82012081733, ""RMSE"": 3920.047567279122, ""MAPE"": 0.013989401386561113, ""sMAPE"": 0.01407070830051676, ""R2"": 0.9868541391395965, ""MASE"": 0.1802286540556456}",60.244,False,Q1 headline experiment Q1_xgboost_H1_S123 protocol Q1_v2_LAG1_001; train<2024-01-01 val< 2025-01-01 test<2026-01-01; scored on authoritative common origins; models NOT ranked.
Q1_xgboost_H1_S2025,COMPLETED,b51de1e,v2,fb261563977bd9c096b96a5402914e1b511cd880b34293e0aad9bf421b6db486,Q1_V2_LAG1_001,ed0f6f5fb4df31566fb3b866c14810f7970a1865c8a0ee0b63b7c6b02a85705e,573de597b4ac4a4f7f2db79ff57045a0308ec38e013a329f16ae8017b19fe2ce,xgboost,1,2025,configs/pjm_data_v2.yaml;configs/experiment.yaml;configs/models.yaml,"3.11.9 (tags/v3.11.9:de54cf5, Apr  2 2024, 10:12:12) [MSC v.1938 64 bit (AMD64)]","{""numpy"": ""2.4.6"", ""pandas"": ""3.0.5"", ""sklearn"": ""1.9.1"", ""torch"": ""2.14.0+cpu"", ""xgboost"": ""3.2.0"", ""lightgbm"": ""4.7.0""}","{""torch"": ""2.14.0+cpu"", ""cuda_available"": ""False"", ""cuda_version"": ""None"", ""device_count"": ""0""}",results\q1_full_retry\checkpoints\Q1_xgboost_H1_S2025.pt,ae067e9d0ba199e7aec678aece25e54a3ad1a135ad93337f39d4180900e9d407,results\q1_full_retry\predictions\Q1_xgboost_H1_S2025.csv,"{""MAE"": 2685.3079013762804, ""RMSE"": 3854.5669922857865, ""MAPE"": 0.013699886965557316, ""sMAPE"": 0.013772678568771343, ""R2"": 0.9872896487159164, ""MASE"": 0.17709523766434068}",60.922,False,Q1 headline experiment Q1_xgboost_H1_S2025 protocol Q1_v2_LAG1_001; train<2024-01-01 val< 2025-01-01 test<2026-01-01; scored on authoritative common origins; models NOT ranked.
Q1_xgboost_H6_S42,COMPLETED,b51de1e,v2,fb261563977bd9c096b96a5402914e1b511cd880b34293e0aad9bf421b6db486,Q1_V2_LAG1_001,ed0f6f5fb4df31566fb3b866c14810f7970a1865c8a0ee0b63b7c6b02a85705e,573de597b4ac4a4f7f2db79ff57045a0308ec38e013a329f16ae8017b19fe2ce,xgboost,6,42,configs/pjm_data_v2.yaml;configs/experiment.yaml;configs/models.yaml,"3.11.9 (tags/v3.11.9:de54cf5, Apr  2 2024, 10:12:12) [MSC v.1938 64 bit (AMD64)]","{""numpy"": ""2.4.6"", ""pandas"": ""3.0.5"", ""sklearn"": ""1.9.1"", ""torch"": ""2.14.0+cpu"", ""xgboost"": ""3.2.0"", ""lightgbm"": ""4.7.0""}","{""torch"": ""2.14.0+cpu"", ""cuda_available"": ""False"", ""cuda_version"": ""None"", ""device_count"": ""0""}",results\q1_full_retry\checkpoints\Q1_xgboost_H6_S42.pt,9180ca38d56048b2d7aa9ffcf1ea872b33992db66addacd1d472a53c123b6372,results\q1_full_retry\predictions\Q1_xgboost_H6_S42.csv,"{""MAE"": 6367.096887031268, ""RMSE"": 8613.325000653384, ""MAPE"": 0.03275038620288646, ""sMAPE"": 0.03331637489144878, ""R2"": 0.9365073504893102, ""MASE"": 0.41990809912813903}",59.9,False,Q1 headline experiment Q1_xgboost_H6_S42 protocol Q1_v2_LAG1_001; train<2024-01-01 val< 2025-01-01 test<2026-01-01; scored on authoritative common origins; models NOT ranked.
Q1_xgboost_H6_S123,COMPLETED,b51de1e,v2,fb261563977bd9c096b96a5402914e1b511cd880b34293e0aad9bf421b6db486,Q1_V2_LAG1_001,ed0f6f5fb4df31566fb3b866c14810f7970a1865c8a0ee0b63b7c6b02a85705e,573de597b4ac4a4f7f2db79ff57045a0308ec38e013a329f16ae8017b19fe2ce,xgboost,6,123,configs/pjm_data_v2.yaml;configs/experiment.yaml;configs/models.yaml,"3.11.9 (tags/v3.11.9:de54cf5, Apr  2 2024, 10:12:12) [MSC v.1938 64 bit (AMD64)]","{""numpy"": ""2.4.6"", ""pandas"": ""3.0.5"", ""sklearn"": ""1.9.1"", ""torch"": ""2.14.0+cpu"", ""xgboost"": ""3.2.0"", ""lightgbm"": ""4.7.0""}","{""torch"": ""2.14.0+cpu"", ""cuda_available"": ""False"", ""cuda_version"": ""None"", ""device_count"": ""0""}",results\q1_full_retry\checkpoints\Q1_xgboost_H6_S123.pt,0a5fe266eaa9c0a93f3b99378c14b46bcd950d378e610db2fa2262c6c31e5f94,results\q1_full_retry\predictions\Q1_xgboost_H6_S123.csv,"{""MAE"": 6222.444604358332, ""RMSE"": 8490.211454615452, ""MAPE"": 0.032014317609041235, ""sMAPE"": 0.03253681462544069, ""R2"": 0.9383094283014798, ""MASE"": 0.41036832517315847}",59.747,False,Q1 headline experiment Q1_xgboost_H6_S123 protocol Q1_v2_LAG1_001; train<2024-01-01 val< 2025-01-01 test<2026-01-01; scored on authoritative common origins; models NOT ranked.
Q1_xgboost_H6_S2025,COMPLETED,b51de1e,v2,fb261563977bd9c096b96a5402914e1b511cd880b34293e0aad9bf421b6db486,Q1_V2_LAG1_001,ed0f6f5fb4df31566fb3b866c14810f7970a1865c8a0ee0b63b7c6b02a85705e,573de597b4ac4a4f7f2db79ff57045a0308ec38e013a329f16ae8017b19fe2ce,xgboost,6,2025,configs/pjm_data_v2.yaml;configs/experiment.yaml;configs/models.yaml,"3.11.9 (tags/v3.11.9:de54cf5, Apr  2 2024, 10:12:12) [MSC v.1938 64 bit (AMD64)]","{""numpy"": ""2.4.6"", ""pandas"": ""3.0.5"", ""sklearn"": ""1.9.1"", ""torch"": ""2.14.0+cpu"", ""xgboost"": ""3.2.0"", ""lightgbm"": ""4.7.0""}","{""torch"": ""2.14.0+cpu"", ""cuda_available"": ""False"", ""cuda_version"": ""None"", ""device_count"": ""0""}",results\q1_full_retry\checkpoints\Q1_xgboost_H6_S2025.pt,cff96424f9e5121cc19a421fa102bfb088b6994ffb69681ad5c5add710f01b89,results\q1_full_retry\predictions\Q1_xgboost_H6_S2025.csv,"{""MAE"": 6243.970074975255, ""RMSE"": 8478.861728721475, ""MAPE"": 0.03217110386535502, ""sMAPE"": 0.032666592044148075, ""R2"": 0.9384742541336629, ""MASE"": 0.41178792339978526}",60.867,False,Q1 headline experiment Q1_xgboost_H6_S2025 protocol Q1_v2_LAG1_001; train<2024-01-01 val< 2025-01-01 test<2026-01-01; scored on authoritative common origins; models NOT ranked.
Q1_xgboost_H24_S42,COMPLETED,b51de1e,v2,fb261563977bd9c096b96a5402914e1b511cd880b34293e0aad9bf421b6db486,Q1_V2_LAG1_001,ed0f6f5fb4df31566fb3b866c14810f7970a1865c8a0ee0b63b7c6b02a85705e,573de597b4ac4a4f7f2db79ff57045a0308ec38e013a329f16ae8017b19fe2ce,xgboost,24,42,configs/pjm_data_v2.yaml;configs/experiment.yaml;configs/models.yaml,"3.11.9 (tags/v3.11.9:de54cf5, Apr  2 2024, 10:12:12) [MSC v.1938 64 bit (AMD64)]","{""numpy"": ""2.4.6"", ""pandas"": ""3.0.5"", ""sklearn"": ""1.9.1"", ""torch"": ""2.14.0+cpu"", ""xgboost"": ""3.2.0"", ""lightgbm"": ""4.7.0""}","{""torch"": ""2.14.0+cpu"", ""cuda_available"": ""False"", ""cuda_version"": ""None"", ""device_count"": ""0""}",results\q1_full_retry\checkpoints\Q1_xgboost_H24_S42.pt,19ba3a9318c6d24d91225ef1a3390759735290acbcc8eeb9aea47e811a79696d,results\q1_full_retry\predictions\Q1_xgboost_H24_S42.csv,"{""MAE"": 8166.067453546213, ""RMSE"": 11294.01660211384, ""MAPE"": 0.040926975108793145, ""sMAPE"": 0.04180723069649941, ""R2"": 0.8907402949638675, ""MASE"": 0.5385496596973511}",59.267,False,Q1 headline experiment Q1_xgboost_H24_S42 protocol Q1_v2_LAG1_001; train<2024-01-01 val< 2025-01-01 test<2026-01-01; scored on authoritative common origins; models NOT ranked.
Q1_xgboost_H24_S123,COMPLETED,b51de1e,v2,fb261563977bd9c096b96a5402914e1b511cd880b34293e0aad9bf421b6db486,Q1_V2_LAG1_001,ed0f6f5fb4df31566fb3b866c14810f7970a1865c8a0ee0b63b7c6b02a85705e,573de597b4ac4a4f7f2db79ff57045a0308ec38e013a329f16ae8017b19fe2ce,xgboost,24,123,configs/pjm_data_v2.yaml;configs/experiment.yaml;configs/models.yaml,"3.11.9 (tags/v3.11.9:de54cf5, Apr  2 2024, 10:12:12) [MSC v.1938 64 bit (AMD64)]","{""numpy"": ""2.4.6"", ""pandas"": ""3.0.5"", ""sklearn"": ""1.9.1"", ""torch"": ""2.14.0+cpu"", ""xgboost"": ""3.2.0"", ""lightgbm"": ""4.7.0""}","{""torch"": ""2.14.0+cpu"", ""cuda_available"": ""False"", ""cuda_version"": ""None"", ""device_count"": ""0""}",results\q1_full_retry\checkpoints\Q1_xgboost_H24_S123.pt,218046fa49a9b4bd0a8b9e1b9788ea673f86940e7fed8f0860004e4ef6b02e07,results\q1_full_retry\predictions\Q1_xgboost_H24_S123.csv,"{""MAE"": 8193.404828983837, ""RMSE"": 11286.929687112444, ""MAPE"": 0.04112754495174597, ""sMAPE"": 0.04201191323014793, ""R2"": 0.8908773713170556, ""MASE"": 0.5403525512755438}",60.053,False,Q1 headline experiment Q1_xgboost_H24_S123 protocol Q1_v2_LAG1_001; train<2024-01-01 val< 2025-01-01 test<2026-01-01; scored on authoritative common origins; models NOT ranked.
Q1_xgboost_H24_S2025,COMPLETED,b51de1e,v2,fb261563977bd9c096b96a5402914e1b511cd880b34293e0aad9bf421b6db486,Q1_V2_LAG1_001,ed0f6f5fb4df31566fb3b866c14810f7970a1865c8a0ee0b63b7c6b02a85705e,573de597b4ac4a4f7f2db79ff57045a0308ec38e013a329f16ae8017b19fe2ce,xgboost,24,2025,configs/pjm_data_v2.yaml;configs/experiment.yaml;configs/models.yaml,"3.11.9 (tags/v3.11.9:de54cf5, Apr  2 2024, 10:12:12) [MSC v.1938 64 bit (AMD64)]","{""numpy"": ""2.4.6"", ""pandas"": ""3.0.5"", ""sklearn"": ""1.9.1"", ""torch"": ""2.14.0+cpu"", ""xgboost"": ""3.2.0"", ""lightgbm"": ""4.7.0""}","{""torch"": ""2.14.0+cpu"", ""cuda_available"": ""False"", ""cuda_version"": ""None"", ""device_count"": ""0""}",results\q1_full_retry\checkpoints\Q1_xgboost_H24_S2025.pt,768ba24cb60f952e52d54be20abbf51d25532057ca9a1a5a3adef1c70fa2f86b,results\q1_full_retry\predictions\Q1_xgboost_H24_S2025.csv,"{""MAE"": 8132.766382279146, ""RMSE"": 11321.510070731396, ""MAPE"": 0.04064295392900461, ""sMAPE"": 0.04151567014544015, ""R2"": 0.8902076970993745, ""MASE"": 0.5363534641968293}",61.233,False,Q1 headline experiment Q1_xgboost_H24_S2025 protocol Q1_v2_LAG1_001; train<2024-01-01 val< 2025-01-01 test<2026-01-01; scored on authoritative common origins; models NOT ranked.
Q1_lightgbm_H1_S42,COMPLETED,b51de1e,v2,fb261563977bd9c096b96a5402914e1b511cd880b34293e0aad9bf421b6db486,Q1_V2_LAG1_001,ed0f6f5fb4df31566fb3b866c14810f7970a1865c8a0ee0b63b7c6b02a85705e,573de597b4ac4a4f7f2db79ff57045a0308ec38e013a329f16ae8017b19fe2ce,lightgbm,1,42,configs/pjm_data_v2.yaml;configs/experiment.yaml;configs/models.yaml,"3.11.9 (tags/v3.11.9:de54cf5, Apr  2 2024, 10:12:12) [MSC v.1938 64 bit (AMD64)]","{""numpy"": ""2.4.6"", ""pandas"": ""3.0.5"", ""sklearn"": ""1.9.1"", ""torch"": ""2.14.0+cpu"", ""xgboost"": ""3.2.0"", ""lightgbm"": ""4.7.0""}","{""torch"": ""2.14.0+cpu"", ""cuda_available"": ""False"", ""cuda_version"": ""None"", ""device_count"": ""0""}",results\q1_full_retry\checkpoints\Q1_lightgbm_H1_S42.pt,fcf2410bf2e0606d3b6cd9eb059d7c49362fccf0c1bbd672f3602a9500beb46a,results\q1_full_retry\predictions\Q1_lightgbm_H1_S42.csv,"{""MAE"": 2676.1881049340304, ""RMSE"": 3810.8369906278594, ""MAPE"": 0.013693850637252477, ""sMAPE"": 0.01375340557010419, ""R2"": 0.9875764102527532, ""MASE"": 0.17649378986851702}",60.422,False,Q1 headline experiment Q1_lightgbm_H1_S42 protocol Q1_v2_LAG1_001; train<2024-01-01 val< 2025-01-01 test<2026-01-01; scored on authoritative common origins; models NOT ranked.
Q1_lightgbm_H1_S123,COMPLETED,b51de1e,v2,fb261563977bd9c096b96a5402914e1b511cd880b34293e0aad9bf421b6db486,Q1_V2_LAG1_001,ed0f6f5fb4df31566fb3b866c14810f7970a1865c8a0ee0b63b7c6b02a85705e,573de597b4ac4a4f7f2db79ff57045a0308ec38e013a329f16ae8017b19fe2ce,lightgbm,1,123,configs/pjm_data_v2.yaml;configs/experiment.yaml;configs/models.yaml,"3.11.9 (tags/v3.11.9:de54cf5, Apr  2 2024, 10:12:12) [MSC v.1938 64 bit (AMD64)]","{""numpy"": ""2.4.6"", ""pandas"": ""3.0.5"", ""sklearn"": ""1.9.1"", ""torch"": ""2.14.0+cpu"", ""xgboost"": ""3.2.0"", ""lightgbm"": ""4.7.0""}","{""torch"": ""2.14.0+cpu"", ""cuda_available"": ""False"", ""cuda_version"": ""None"", ""device_count"": ""0""}",results\q1_full_retry\checkpoints\Q1_lightgbm_H1_S123.pt,5397473e7cfe75d2fe1cf646abacfadf4b3f21cae26c3ba3a0c391763c80f857,results\q1_full_retry\predictions\Q1_lightgbm_H1_S123.csv,"{""MAE"": 2650.8361384819027, ""RMSE"": 3790.728744941117, ""MAPE"": 0.013543336448336487, ""sMAPE"": 0.013599306840400387, ""R2"": 0.9877071728673648, ""MASE"": 0.17482183540780252}",60.212,False,Q1 headline experiment Q1_lightgbm_H1_S123 protocol Q1_v2_LAG1_001; train<2024-01-01 val< 2025-01-01 test<2026-01-01; scored on authoritative common origins; models NOT ranked.
Q1_lightgbm_H1_S2025,COMPLETED,b51de1e,v2,fb261563977bd9c096b96a5402914e1b511cd880b34293e0aad9bf421b6db486,Q1_V2_LAG1_001,ed0f6f5fb4df31566fb3b866c14810f7970a1865c8a0ee0b63b7c6b02a85705e,573de597b4ac4a4f7f2db79ff57045a0308ec38e013a329f16ae8017b19fe2ce,lightgbm,1,2025,configs/pjm_data_v2.yaml;configs/experiment.yaml;configs/models.yaml,"3.11.9 (tags/v3.11.9:de54cf5, Apr  2 2024, 10:12:12) [MSC v.1938 64 bit (AMD64)]","{""numpy"": ""2.4.6"", ""pandas"": ""3.0.5"", ""sklearn"": ""1.9.1"", ""torch"": ""2.14.0+cpu"", ""xgboost"": ""3.2.0"", ""lightgbm"": ""4.7.0""}","{""torch"": ""2.14.0+cpu"", ""cuda_available"": ""False"", ""cuda_version"": ""None"", ""device_count"": ""0""}",results\q1_full_retry\checkpoints\Q1_lightgbm_H1_S2025.pt,036b6805525d617a3271c5dd12f234f864fed65bfde132a4676d0be4e9423347,results\q1_full_retry\predictions\Q1_lightgbm_H1_S2025.csv,"{""MAE"": 2593.7764862286285, ""RMSE"": 3689.650291576813, ""MAPE"": 0.013286835523468161, ""sMAPE"": 0.013335485249983212, ""R2"": 0.9883540004777499, ""MASE"": 0.17105876873240966}",60.931,False,Q1 headline experiment Q1_lightgbm_H1_S2025 protocol Q1_v2_LAG1_001; train<2024-01-01 val< 2025-01-01 test<2026-01-01; scored on authoritative common origins; models NOT ranked.
Q1_lightgbm_H6_S42,COMPLETED,b51de1e,v2,fb261563977bd9c096b96a5402914e1b511cd880b34293e0aad9bf421b6db486,Q1_V2_LAG1_001,ed0f6f5fb4df31566fb3b866c14810f7970a1865c8a0ee0b63b7c6b02a85705e,573de597b4ac4a4f7f2db79ff57045a0308ec38e013a329f16ae8017b19fe2ce,lightgbm,6,42,configs/pjm_data_v2.yaml;configs/experiment.yaml;configs/models.yaml,"3.11.9 (tags/v3.11.9:de54cf5, Apr  2 2024, 10:12:12) [MSC v.1938 64 bit (AMD64)]","{""numpy"": ""2.4.6"", ""pandas"": ""3.0.5"", ""sklearn"": ""1.9.1"", ""torch"": ""2.14.0+cpu"", ""xgboost"": ""3.2.0"", ""lightgbm"": ""4.7.0""}","{""torch"": ""2.14.0+cpu"", ""cuda_available"": ""False"", ""cuda_version"": ""None"", ""device_count"": ""0""}",results\q1_full_retry\checkpoints\Q1_lightgbm_H6_S42.pt,ec2a87f6d98e56099263e4da1e9c8aaac67c8755a55414c9c28e57ac85ec2fca,results\q1_full_retry\predictions\Q1_lightgbm_H6_S42.csv,"{""MAE"": 6348.057422212861, ""RMSE"": 8509.042611713145, ""MAPE"": 0.03282847950950804, ""sMAPE"": 0.03335782596347222, ""R2"": 0.9380354673583469, ""MASE"": 0.4186524522262364}",60.075,False,Q1 headline experiment Q1_lightgbm_H6_S42 protocol Q1_v2_LAG1_001; train<2024-01-01 val< 2025-01-01 test<2026-01-01; scored on authoritative common origins; models NOT ranked.
Q1_lightgbm_H6_S123,COMPLETED,b51de1e,v2,fb261563977bd9c096b96a5402914e1b511cd880b34293e0aad9bf421b6db486,Q1_V2_LAG1_001,ed0f6f5fb4df31566fb3b866c14810f7970a1865c8a0ee0b63b7c6b02a85705e,573de597b4ac4a4f7f2db79ff57045a0308ec38e013a329f16ae8017b19fe2ce,lightgbm,6,123,configs/pjm_data_v2.yaml;configs/experiment.yaml;configs/models.yaml,"3.11.9 (tags/v3.11.9:de54cf5, Apr  2 2024, 10:12:12) [MSC v.1938 64 bit (AMD64)]","{""numpy"": ""2.4.6"", ""pandas"": ""3.0.5"", ""sklearn"": ""1.9.1"", ""torch"": ""2.14.0+cpu"", ""xgboost"": ""3.2.0"", ""lightgbm"": ""4.7.0""}","{""torch"": ""2.14.0+cpu"", ""cuda_available"": ""False"", ""cuda_version"": ""None"", ""device_count"": ""0""}",results\q1_full_retry\checkpoints\Q1_lightgbm_H6_S123.pt,ee80ddcc0a5e211c139de50932b011a8b6a76ff0c550dd45aea15e80afcc47a5,results\q1_full_retry\predictions\Q1_lightgbm_H6_S123.csv,"{""MAE"": 6260.623967923964, ""RMSE"": 8446.163834794945, ""MAPE"": 0.0323917854686816, ""sMAPE"": 0.03287258718557039, ""R2"": 0.9389478750735647, ""MASE"": 0.41288624256395884}",60.59,False,Q1 headline experiment Q1_lightgbm_H6_S123 protocol Q1_v2_LAG1_001; train<2024-01-01 val< 2025-01-01 test<2026-01-01; scored on authoritative common origins; models NOT ranked.
Q1_lightgbm_H6_S2025,COMPLETED,b51de1e,v2,fb261563977bd9c096b96a5402914e1b511cd880b34293e0aad9bf421b6db486,Q1_V2_LAG1_001,ed0f6f5fb4df31566fb3b866c14810f7970a1865c8a0ee0b63b7c6b02a85705e,573de597b4ac4a4f7f2db79ff57045a0308ec38e013a329f16ae8017b19fe2ce,lightgbm,6,2025,configs/pjm_data_v2.yaml;configs/experiment.yaml;configs/models.yaml,"3.11.9 (tags/v3.11.9:de54cf5, Apr  2 2024, 10:12:12) [MSC v.1938 64 bit (AMD64)]","{""numpy"": ""2.4.6"", ""pandas"": ""3.0.5"", ""sklearn"": ""1.9.1"", ""torch"": ""2.14.0+cpu"", ""xgboost"": ""3.2.0"", ""lightgbm"": ""4.7.0""}","{""torch"": ""2.14.0+cpu"", ""cuda_available"": ""False"", ""cuda_version"": ""None"", ""device_count"": ""0""}",results\q1_full_retry\checkpoints\Q1_lightgbm_H6_S2025.pt,07fdcaf9ceadff5e849ff48c9198577c67ba49251a0dfc0c55a35cdbd5305982,results\q1_full_retry\predictions\Q1_lightgbm_H6_S2025.csv,"{""MAE"": 6190.904480519109, ""RMSE"": 8298.631700508085, ""MAPE"": 0.032055089139524345, ""sMAPE"": 0.03253866262186926, ""R2"": 0.9410620857202182, ""MASE"": 0.4082882636187992}",60.431,False,Q1 headline experiment Q1_lightgbm_H6_S2025 protocol Q1_v2_LAG1_001; train<2024-01-01 val< 2025-01-01 test<2026-01-01; scored on authoritative common origins; models NOT ranked.
Q1_lightgbm_H24_S42,COMPLETED,b51de1e,v2,fb261563977bd9c096b96a5402914e1b511cd880b34293e0aad9bf421b6db486,Q1_V2_LAG1_001,ed0f6f5fb4df31566fb3b866c14810f7970a1865c8a0ee0b63b7c6b02a85705e,573de597b4ac4a4f7f2db79ff57045a0308ec38e013a329f16ae8017b19fe2ce,lightgbm,24,42,configs/pjm_data_v2.yaml;configs/experiment.yaml;configs/models.yaml,"3.11.9 (tags/v3.11.9:de54cf5, Apr  2 2024, 10:12:12) [MSC v.1938 64 bit (AMD64)]","{""numpy"": ""2.4.6"", ""pandas"": ""3.0.5"", ""sklearn"": ""1.9.1"", ""torch"": ""2.14.0+cpu"", ""xgboost"": ""3.2.0"", ""lightgbm"": ""4.7.0""}","{""torch"": ""2.14.0+cpu"", ""cuda_available"": ""False"", ""cuda_version"": ""None"", ""device_count"": ""0""}",results\q1_full_retry\checkpoints\Q1_lightgbm_H24_S42.pt,44f754592ca1cefd66640734572c03d385b93c9b8882cc0175e3394a4c81fbe5,results\q1_full_retry\predictions\Q1_lightgbm_H24_S42.csv,"{""MAE"": 8061.2453691013525, ""RMSE"": 11118.511994758774, ""MAPE"": 0.040516533393792374, ""sMAPE"": 0.04137400355819543, ""R2"": 0.8941096172833628, ""MASE"": 0.5316366751760156}",60.814,False,Q1 headline experiment Q1_lightgbm_H24_S42 protocol Q1_v2_LAG1_001; train<2024-01-01 val< 2025-01-01 test<2026-01-01; scored on authoritative common origins; models NOT ranked.
Q1_lightgbm_H24_S123,COMPLETED,b51de1e,v2,fb261563977bd9c096b96a5402914e1b511cd880b34293e0aad9bf421b6db486,Q1_V2_LAG1_001,ed0f6f5fb4df31566fb3b866c14810f7970a1865c8a0ee0b63b7c6b02a85705e,573de597b4ac4a4f7f2db79ff57045a0308ec38e013a329f16ae8017b19fe2ce,lightgbm,24,123,configs/pjm_data_v2.yaml;configs/experiment.yaml;configs/models.yaml,"3.11.9 (tags/v3.11.9:de54cf5, Apr  2 2024, 10:12:12) [MSC v.1938 64 bit (AMD64)]","{""numpy"": ""2.4.6"", ""pandas"": ""3.0.5"", ""sklearn"": ""1.9.1"", ""torch"": ""2.14.0+cpu"", ""xgboost"": ""3.2.0"", ""lightgbm"": ""4.7.0""}","{""torch"": ""2.14.0+cpu"", ""cuda_available"": ""False"", ""cuda_version"": ""None"", ""device_count"": ""0""}",results\q1_full_retry\checkpoints\Q1_lightgbm_H24_S123.pt,4b1e5e421d7f16047d24b4aaeedd87a69bf2ff0abfcb9da153e3415cfc203e4f,results\q1_full_retry\predictions\Q1_lightgbm_H24_S123.csv,"{""MAE"": 8216.620041800203, ""RMSE"": 11460.951984196823, ""MAPE"": 0.041040414969105224, ""sMAPE"": 0.04197640728955322, ""R2"": 0.8874865177319157, ""MASE"": 0.5418835874852221}",60.011,False,Q1 headline experiment Q1_lightgbm_H24_S123 protocol Q1_v2_LAG1_001; train<2024-01-01 val< 2025-01-01 test<2026-01-01; scored on authoritative common origins; models NOT ranked.
Q1_lightgbm_H24_S2025,COMPLETED,b51de1e,v2,fb261563977bd9c096b96a5402914e1b511cd880b34293e0aad9bf421b6db486,Q1_V2_LAG1_001,ed0f6f5fb4df31566fb3b866c14810f7970a1865c8a0ee0b63b7c6b02a85705e,573de597b4ac4a4f7f2db79ff57045a0308ec38e013a329f16ae8017b19fe2ce,lightgbm,24,2025,configs/pjm_data_v2.yaml;configs/experiment.yaml;configs/models.yaml,"3.11.9 (tags/v3.11.9:de54cf5, Apr  2 2024, 10:12:12) [MSC v.1938 64 bit (AMD64)]","{""numpy"": ""2.4.6"", ""pandas"": ""3.0.5"", ""sklearn"": ""1.9.1"", ""torch"": ""2.14.0+cpu"", ""xgboost"": ""3.2.0"", ""lightgbm"": ""4.7.0""}","{""torch"": ""2.14.0+cpu"", ""cuda_available"": ""False"", ""cuda_version"": ""None"", ""device_count"": ""0""}",results\q1_full_retry\checkpoints\Q1_lightgbm_H24_S2025.pt,7401189f93627efaffb2275c69740077b98f5f5328d6f71321954e33269c1688,results\q1_full_retry\predictions\Q1_lightgbm_H24_S2025.csv,"{""MAE"": 8171.3211840862905, ""RMSE"": 11410.70225878282, ""MAPE"": 0.04090108996687642, ""sMAPE"": 0.04179672523551425, ""R2"": 0.8884709695153726, ""MASE"": 0.5388961416252308}",60.352,False,Q1 headline experiment Q1_lightgbm_H24_S2025 protocol Q1_v2_LAG1_001; train<2024-01-01 val< 2025-01-01 test<2026-01-01; scored on authoritative common origins; models NOT ranked.
Q1_lstm_H1_S42,COMPLETED,b51de1e,v2,fb261563977bd9c096b96a5402914e1b511cd880b34293e0aad9bf421b6db486,Q1_V2_LAG1_001,ed0f6f5fb4df31566fb3b866c14810f7970a1865c8a0ee0b63b7c6b02a85705e,573de597b4ac4a4f7f2db79ff57045a0308ec38e013a329f16ae8017b19fe2ce,lstm,1,42,configs/pjm_data_v2.yaml;configs/experiment.yaml;configs/models.yaml,"3.11.9 (tags/v3.11.9:de54cf5, Apr  2 2024, 10:12:12) [MSC v.1938 64 bit (AMD64)]","{""numpy"": ""2.4.6"", ""pandas"": ""3.0.5"", ""sklearn"": ""1.9.1"", ""torch"": ""2.14.0+cpu"", ""xgboost"": ""3.2.0"", ""lightgbm"": ""4.7.0""}","{""torch"": ""2.14.0+cpu"", ""cuda_available"": ""False"", ""cuda_version"": ""None"", ""device_count"": ""0""}",results\q1_full_retry\checkpoints\Q1_lstm_H1_S42.pt,215c9c21e94c1ee83d63fe8ba4115d9147f4055c28c0bf17e6ee196612eeb6ee,results\q1_full_retry\predictions\Q1_lstm_H1_S42.csv,"{""MAE"": 1992.4063030799002, ""RMSE"": 2714.414884598341, ""MAPE"": 0.010428310917073472, ""sMAPE"": 0.0104160266774754, ""R2"": 0.9936968330018058, ""MASE"": 0.13139858844009064}",1475.585,False,Q1 headline experiment Q1_lstm_H1_S42 protocol Q1_v2_LAG1_001; train<2024-01-01 val< 2025-01-01 test<2026-01-01; scored on authoritative common origins; models NOT ranked.
Q1_lstm_H1_S123,COMPLETED,b51de1e,v2,fb261563977bd9c096b96a5402914e1b511cd880b34293e0aad9bf421b6db486,Q1_V2_LAG1_001,ed0f6f5fb4df31566fb3b866c14810f7970a1865c8a0ee0b63b7c6b02a85705e,573de597b4ac4a4f7f2db79ff57045a0308ec38e013a329f16ae8017b19fe2ce,lstm,1,123,configs/pjm_data_v2.yaml;configs/experiment.yaml;configs/models.yaml,"3.11.9 (tags/v3.11.9:de54cf5, Apr  2 2024, 10:12:12) [MSC v.1938 64 bit (AMD64)]","{""numpy"": ""2.4.6"", ""pandas"": ""3.0.5"", ""sklearn"": ""1.9.1"", ""torch"": ""2.14.0+cpu"", ""xgboost"": ""3.2.0"", ""lightgbm"": ""4.7.0""}","{""torch"": ""2.14.0+cpu"", ""cuda_available"": ""False"", ""cuda_version"": ""None"", ""device_count"": ""0""}",results\q1_full_retry\checkpoints\Q1_lstm_H1_S123.pt,7187bb71debda6ce44904429917c7243215e32ca67058a54552c2e2184df0151,results\q1_full_retry\predictions\Q1_lstm_H1_S123.csv,"{""MAE"": 1968.5550868322273, ""RMSE"": 2758.150882175761, ""MAPE"": 0.010106979849489361, ""sMAPE"": 0.010126874728047923, ""R2"": 0.9934920771211733, ""MASE"": 0.12982560799795945}",29039.93,False,Q1 headline experiment Q1_lstm_H1_S123 protocol Q1_v2_LAG1_001; train<2024-01-01 val< 2025-01-01 test<2026-01-01; scored on authoritative common origins; models NOT ranked.
Q1_lstm_H1_S2025,COMPLETED,b51de1e,v2,fb261563977bd9c096b96a5402914e1b511cd880b34293e0aad9bf421b6db486,Q1_V2_LAG1_001,ed0f6f5fb4df31566fb3b866c14810f7970a1865c8a0ee0b63b7c6b02a85705e,573de597b4ac4a4f7f2db79ff57045a0308ec38e013a329f16ae8017b19fe2ce,lstm,1,2025,configs/pjm_data_v2.yaml;configs/experiment.yaml;configs/models.yaml,"3.11.9 (tags/v3.11.9:de54cf5, Apr  2 2024, 10:12:12) [MSC v.1938 64 bit (AMD64)]","{""numpy"": ""2.4.6"", ""pandas"": ""3.0.5"", ""sklearn"": ""1.9.1"", ""torch"": ""2.14.0+cpu"", ""xgboost"": ""3.2.0"", ""lightgbm"": ""4.7.0""}","{""torch"": ""2.14.0+cpu"", ""cuda_available"": ""False"", ""cuda_version"": ""None"", ""device_count"": ""0""}",results\q1_full_retry\checkpoints\Q1_lstm_H1_S2025.pt,867d6d4729142a5a13abeb1a97c67e1d6fb5c8acb3317ac3ab84bed65625b4e6,results\q1_full_retry\predictions\Q1_lstm_H1_S2025.csv,"{""MAE"": 2119.990834206238, ""RMSE"": 2959.942658116326, ""MAPE"": 0.01089390103500268, ""sMAPE"": 0.010913204231943596, ""R2"": 0.992504977294938, ""MASE"": 0.13981274938250324}",2678.796,False,Q1 headline experiment Q1_lstm_H1_S2025 protocol Q1_v2_LAG1_001; train<2024-01-01 val< 2025-01-01 test<2026-01-01; scored on authoritative common origins; models NOT ranked.
